empresa,horizonte,window_id,model,kernel,best_cv_f1,best_params,n_train,n_test,accuracy,directional_accuracy,precision,recall,f1
BANCO GUAYAQUIL S.A.,h1,0,baseline_majority,baseline,,,120,30,0.8666666666666667,0.8666666666666667,0.0,0.0,0.0
BANCO GUAYAQUIL S.A.,h1,0,baseline_sign_prev,baseline,,,120,30,0.7333333333333333,0.7333333333333333,0.0,0.0,0.0
BANCO GUAYAQUIL S.A.,h1,0,svc_linear,linear,0.2936026936026936,"{'C': 1, 'class_weight': 'balanced', 'kernel': 'linear'}",120,30,0.7666666666666667,0.7666666666666667,0.2,0.25,0.2222222222222222
BANCO GUAYAQUIL S.A.,h1,0,svc_rbf,rbf,0.3601953601953602,"{'C': 1, 'class_weight': 'balanced', 'gamma': 0.01, 'kernel': 'rbf'}",120,30,0.4666666666666667,0.4666666666666667,0.125,0.5,0.2
BANCO GUAYAQUIL S.A.,h1,0,svc_poly,poly,0.35810023310023303,"{'C': 10, 'class_weight': None, 'coef0': 0.5, 'degree': 2, 'gamma': 0.1, 'kernel': 'poly'}",120,30,0.6666666666666666,0.6666666666666666,0.2857142857142857,1.0,0.4444444444444444
BANCO GUAYAQUIL S.A.,h1,1,baseline_majority,baseline,,,150,30,0.7333333333333333,0.7333333333333333,0.0,0.0,0.0
BANCO GUAYAQUIL S.A.,h1,1,baseline_sign_prev,baseline,,,150,30,0.5333333333333333,0.5333333333333333,0.125,0.125,0.125
BANCO GUAYAQUIL S.A.,h1,1,svc_linear,linear,0.2936026936026936,"{'C': 1, 'class_weight': 'balanced', 'kernel': 'linear'}",150,30,0.5666666666666667,0.5666666666666667,0.35294117647058826,0.75,0.48
BANCO GUAYAQUIL S.A.,h1,1,svc_rbf,rbf,0.3601953601953602,"{'C': 1, 'class_weight': 'balanced', 'gamma': 0.01, 'kernel': 'rbf'}",150,30,0.7,0.7,0.4444444444444444,0.5,0.47058823529411764
BANCO GUAYAQUIL S.A.,h1,1,svc_poly,poly,0.35810023310023303,"{'C': 10, 'class_weight': None, 'coef0': 0.5, 'degree': 2, 'gamma': 0.1, 'kernel': 'poly'}",150,30,0.6333333333333333,0.6333333333333333,0.3333333333333333,0.375,0.35294117647058826
BANCO GUAYAQUIL S.A.,h1,2,baseline_majority,baseline,,,180,30,0.8666666666666667,0.8666666666666667,0.0,0.0,0.0
BANCO GUAYAQUIL S.A.,h1,2,baseline_sign_prev,baseline,,,180,30,0.8,0.8,0.25,0.25,0.25
BANCO GUAYAQUIL S.A.,h1,2,svc_linear,linear,0.2936026936026936,"{'C': 1, 'class_weight': 'balanced', 'kernel': 'linear'}",180,30,0.5666666666666667,0.5666666666666667,0.2,0.75,0.3157894736842105
BANCO GUAYAQUIL S.A.,h1,2,svc_rbf,rbf,0.3601953601953602,"{'C': 1, 'class_weight': 'balanced', 'gamma': 0.01, 'kernel': 'rbf'}",180,30,0.7333333333333333,0.7333333333333333,0.25,0.5,0.3333333333333333
BANCO GUAYAQUIL S.A.,h1,2,svc_poly,poly,0.35810023310023303,"{'C': 10, 'class_weight': None, 'coef0': 0.5, 'degree': 2, 'gamma': 0.1, 'kernel': 'poly'}",180,30,0.7,0.7,0.2222222222222222,0.5,0.3076923076923077
BANCO GUAYAQUIL S.A.,h1,3,baseline_majority,baseline,,,210,30,0.5666666666666667,0.5666666666666667,0.0,0.0,0.0
BANCO GUAYAQUIL S.A.,h1,3,baseline_sign_prev,baseline,,,210,30,0.6,0.6,0.5384615384615384,0.5384615384615384,0.5384615384615384
BANCO GUAYAQUIL S.A.,h1,3,svc_linear,linear,0.2936026936026936,"{'C': 1, 'class_weight': 'balanced', 'kernel': 'linear'}",210,30,0.5,0.5,0.4166666666666667,0.38461538461538464,0.4
BANCO GUAYAQUIL S.A.,h1,3,svc_rbf,rbf,0.3601953601953602,"{'C': 1, 'class_weight': 'balanced', 'gamma': 0.01, 'kernel': 'rbf'}",210,30,0.6333333333333333,0.6333333333333333,0.6666666666666666,0.3076923076923077,0.42105263157894735
BANCO GUAYAQUIL S.A.,h1,3,svc_poly,poly,0.35810023310023303,"{'C': 10, 'class_weight': None, 'coef0': 0.5, 'degree': 2, 'gamma': 0.1, 'kernel': 'poly'}",210,30,0.5666666666666667,0.5666666666666667,0.5,0.38461538461538464,0.43478260869565216
BANCO GUAYAQUIL S.A.,h1,4,baseline_majority,baseline,,,240,30,0.6666666666666666,0.6666666666666666,0.0,0.0,0.0
BANCO GUAYAQUIL S.A.,h1,4,baseline_sign_prev,baseline,,,240,30,0.5333333333333333,0.5333333333333333,0.3,0.3,0.3
BANCO GUAYAQUIL S.A.,h1,4,svc_linear,linear,0.2936026936026936,"{'C': 1, 'class_weight': 'balanced', 'kernel': 'linear'}",240,30,0.6333333333333333,0.6333333333333333,0.45454545454545453,0.5,0.47619047619047616
BANCO GUAYAQUIL S.A.,h1,4,svc_rbf,rbf,0.3601953601953602,"{'C': 1, 'class_weight': 'balanced', 'gamma': 0.01, 'kernel': 'rbf'}",240,30,0.6,0.6,0.4166666666666667,0.5,0.45454545454545453
BANCO GUAYAQUIL S.A.,h1,4,svc_poly,poly,0.35810023310023303,"{'C': 10, 'class_weight': None, 'coef0': 0.5, 'degree': 2, 'gamma': 0.1, 'kernel': 'poly'}",240,30,0.5333333333333333,0.5333333333333333,0.25,0.2,0.2222222222222222
BANCO GUAYAQUIL S.A.,h1,5,baseline_majority,baseline,,,270,30,0.7333333333333333,0.7333333333333333,0.0,0.0,0.0
BANCO GUAYAQUIL S.A.,h1,5,baseline_sign_prev,baseline,,,270,30,0.6666666666666666,0.6666666666666666,0.375,0.375,0.375
BANCO GUAYAQUIL S.A.,h1,5,svc_linear,linear,0.2936026936026936,"{'C': 1, 'class_weight': 'balanced', 'kernel': 'linear'}",270,30,0.5,0.5,0.3333333333333333,0.875,0.4827586206896552
BANCO GUAYAQUIL S.A.,h1,5,svc_rbf,rbf,0.3601953601953602,"{'C': 1, 'class_weight': 'balanced', 'gamma': 0.01, 'kernel': 'rbf'}",270,30,0.7333333333333333,0.7333333333333333,0.5,0.375,0.42857142857142855
BANCO GUAYAQUIL S.A.,h1,5,svc_poly,poly,0.35810023310023303,"{'C': 10, 'class_weight': None, 'coef0': 0.5, 'degree': 2, 'gamma': 0.1, 'kernel': 'poly'}",270,30,0.7333333333333333,0.7333333333333333,0.5,0.125,0.2
BANCO GUAYAQUIL S.A.,h1,6,baseline_majority,baseline,,,300,30,0.7333333333333333,0.7333333333333333,0.0,0.0,0.0
BANCO GUAYAQUIL S.A.,h1,6,baseline_sign_prev,baseline,,,300,30,0.5666666666666667,0.5666666666666667,0.14285714285714285,0.125,0.13333333333333333
BANCO GUAYAQUIL S.A.,h1,6,svc_linear,linear,0.2936026936026936,"{'C': 1, 'class_weight': 'balanced', 'kernel': 'linear'}",300,30,0.5666666666666667,0.5666666666666667,0.35294117647058826,0.75,0.48
BANCO GUAYAQUIL S.A.,h1,6,svc_rbf,rbf,0.3601953601953602,"{'C': 1, 'class_weight': 'balanced', 'gamma': 0.01, 'kernel': 'rbf'}",300,30,0.7,0.7,0.4,0.25,0.3076923076923077
BANCO GUAYAQUIL S.A.,h1,6,svc_poly,poly,0.35810023310023303,"{'C': 10, 'class_weight': None, 'coef0': 0.5, 'degree': 2, 'gamma': 0.1, 'kernel': 'poly'}",300,30,0.7333333333333333,0.7333333333333333,0.5,0.125,0.2
BANCO GUAYAQUIL S.A.,h1,7,baseline_majority,baseline,,,330,30,0.5333333333333333,0.5333333333333333,0.0,0.0,0.0
BANCO GUAYAQUIL S.A.,h1,7,baseline_sign_prev,baseline,,,330,30,0.4666666666666667,0.4666666666666667,0.42857142857142855,0.42857142857142855,0.42857142857142855
BANCO GUAYAQUIL S.A.,h1,7,svc_linear,linear,0.2936026936026936,"{'C': 1, 'class_weight': 'balanced', 'kernel': 'linear'}",330,30,0.5666666666666667,0.5666666666666667,0.5263157894736842,0.7142857142857143,0.6060606060606061
BANCO GUAYAQUIL S.A.,h1,7,svc_rbf,rbf,0.3601953601953602,"{'C': 1, 'class_weight': 'balanced', 'gamma': 0.01, 'kernel': 'rbf'}",330,30,0.43333333333333335,0.43333333333333335,0.4,0.42857142857142855,0.41379310344827586
BANCO GUAYAQUIL S.A.,h1,7,svc_poly,poly,0.35810023310023303,"{'C': 10, 'class_weight': None, 'coef0': 0.5, 'degree': 2, 'gamma': 0.1, 'kernel': 'poly'}",330,30,0.4666666666666667,0.4666666666666667,0.42857142857142855,0.42857142857142855,0.42857142857142855
BANCO GUAYAQUIL S.A.,h1,8,baseline_majority,baseline,,,360,30,0.7,0.7,0.0,0.0,0.0
BANCO GUAYAQUIL S.A.,h1,8,baseline_sign_prev,baseline,,,360,30,0.43333333333333335,0.43333333333333335,0.1,0.1111111111111111,0.10526315789473684
BANCO GUAYAQUIL S.A.,h1,8,svc_linear,linear,0.2936026936026936,"{'C': 1, 'class_weight': 'balanced', 'kernel': 'linear'}",360,30,0.6333333333333333,0.6333333333333333,0.3333333333333333,0.2222222222222222,0.26666666666666666
BANCO GUAYAQUIL S.A.,h1,8,svc_rbf,rbf,0.3601953601953602,"{'C': 1, 'class_weight': 'balanced', 'gamma': 0.01, 'kernel': 'rbf'}",360,30,0.5333333333333333,0.5333333333333333,0.2727272727272727,0.3333333333333333,0.3
BANCO GUAYAQUIL S.A.,h1,8,svc_poly,poly,0.35810023310023303,"{'C': 10, 'class_weight': None, 'coef0': 0.5, 'degree': 2, 'gamma': 0.1, 'kernel': 'poly'}",360,30,0.6666666666666666,0.6666666666666666,0.4,0.2222222222222222,0.2857142857142857
BANCO GUAYAQUIL S.A.,h1,9,baseline_majority,baseline,,,390,30,0.7666666666666667,0.7666666666666667,0.0,0.0,0.0
BANCO GUAYAQUIL S.A.,h1,9,baseline_sign_prev,baseline,,,390,30,0.6666666666666666,0.6666666666666666,0.2857142857142857,0.2857142857142857,0.2857142857142857
BANCO GUAYAQUIL S.A.,h1,9,svc_linear,linear,0.2936026936026936,"{'C': 1, 'class_weight': 'balanced', 'kernel': 'linear'}",390,30,0.7,0.7,0.0,0.0,0.0
BANCO GUAYAQUIL S.A.,h1,9,svc_rbf,rbf,0.3601953601953602,"{'C': 1, 'class_weight': 'balanced', 'gamma': 0.01, 'kernel': 'rbf'}",390,30,0.7,0.7,0.25,0.14285714285714285,0.18181818181818182
BANCO GUAYAQUIL S.A.,h1,9,svc_poly,poly,0.35810023310023303,"{'C': 10, 'class_weight': None, 'coef0': 0.5, 'degree': 2, 'gamma': 0.1, 'kernel': 'poly'}",390,30,0.7666666666666667,0.7666666666666667,0.0,0.0,0.0
BANCO GUAYAQUIL S.A.,h1,10,baseline_majority,baseline,,,420,30,0.8,0.8,0.0,0.0,0.0
BANCO GUAYAQUIL S.A.,h1,10,baseline_sign_prev,baseline,,,420,30,0.6666666666666666,0.6666666666666666,0.16666666666666666,0.16666666666666666,0.16666666666666666
BANCO GUAYAQUIL S.A.,h1,10,svc_linear,linear,0.2936026936026936,"{'C': 1, 'class_weight': 'balanced', 'kernel': 'linear'}",420,30,0.8,0.8,0.0,0.0,0.0
BANCO GUAYAQUIL S.A.,h1,10,svc_rbf,rbf,0.3601953601953602,"{'C': 1, 'class_weight': 'balanced', 'gamma': 0.01, 'kernel': 'rbf'}",420,30,0.8,0.8,0.0,0.0,0.0
BANCO GUAYAQUIL S.A.,h1,10,svc_poly,poly,0.35810023310023303,"{'C': 10, 'class_weight': None, 'coef0': 0.5, 'degree': 2, 'gamma': 0.1, 'kernel': 'poly'}",420,30,0.8,0.8,0.0,0.0,0.0
BANCO GUAYAQUIL S.A.,h1,11,baseline_majority,baseline,,,450,30,0.7,0.7,0.0,0.0,0.0
BANCO GUAYAQUIL S.A.,h1,11,baseline_sign_prev,baseline,,,450,30,0.5666666666666667,0.5666666666666667,0.25,0.2222222222222222,0.23529411764705882
BANCO GUAYAQUIL S.A.,h1,11,svc_linear,linear,0.2936026936026936,"{'C': 1, 'class_weight': 'balanced', 'kernel': 'linear'}",450,30,0.7,0.7,0.0,0.0,0.0
BANCO GUAYAQUIL S.A.,h1,11,svc_rbf,rbf,0.3601953601953602,"{'C': 1, 'class_weight': 'balanced', 'gamma': 0.01, 'kernel': 'rbf'}",450,30,0.7,0.7,0.0,0.0,0.0
BANCO GUAYAQUIL S.A.,h1,11,svc_poly,poly,0.35810023310023303,"{'C': 10, 'class_weight': None, 'coef0': 0.5, 'degree': 2, 'gamma': 0.1, 'kernel': 'poly'}",450,30,0.7,0.7,0.0,0.0,0.0
BANCO GUAYAQUIL S.A.,h1,12,baseline_majority,baseline,,,480,30,0.7333333333333333,0.7333333333333333,0.0,0.0,0.0
BANCO GUAYAQUIL S.A.,h1,12,baseline_sign_prev,baseline,,,480,30,0.5666666666666667,0.5666666666666667,0.2222222222222222,0.25,0.23529411764705882
BANCO GUAYAQUIL S.A.,h1,12,svc_linear,linear,0.2936026936026936,"{'C': 1, 'class_weight': 'balanced', 'kernel': 'linear'}",480,30,0.7,0.7,0.0,0.0,0.0
BANCO GUAYAQUIL S.A.,h1,12,svc_rbf,rbf,0.3601953601953602,"{'C': 1, 'class_weight': 'balanced', 'gamma': 0.01, 'kernel': 'rbf'}",480,30,0.7666666666666667,0.7666666666666667,1.0,0.125,0.2222222222222222
BANCO GUAYAQUIL S.A.,h1,12,svc_poly,poly,0.35810023310023303,"{'C': 10, 'class_weight': None, 'coef0': 0.5, 'degree': 2, 'gamma': 0.1, 'kernel': 'poly'}",480,30,0.7333333333333333,0.7333333333333333,0.0,0.0,0.0
BANCO GUAYAQUIL S.A.,h1,13,baseline_majority,baseline,,,510,30,0.7,0.7,0.0,0.0,0.0
BANCO GUAYAQUIL S.A.,h1,13,baseline_sign_prev,baseline,,,510,30,0.6666666666666666,0.6666666666666666,0.4444444444444444,0.4444444444444444,0.4444444444444444
BANCO GUAYAQUIL S.A.,h1,13,svc_linear,linear,0.2936026936026936,"{'C': 1, 'class_weight': 'balanced', 'kernel': 'linear'}",510,30,0.6666666666666666,0.6666666666666666,0.4,0.2222222222222222,0.2857142857142857
BANCO GUAYAQUIL S.A.,h1,13,svc_rbf,rbf,0.3601953601953602,"{'C': 1, 'class_weight': 'balanced', 'gamma': 0.01, 'kernel': 'rbf'}",510,30,0.5333333333333333,0.5333333333333333,0.14285714285714285,0.1111111111111111,0.125
BANCO GUAYAQUIL S.A.,h1,13,svc_poly,poly,0.35810023310023303,"{'C': 10, 'class_weight': None, 'coef0': 0.5, 'degree': 2, 'gamma': 0.1, 'kernel': 'poly'}",510,30,0.7,0.7,0.0,0.0,0.0
BANCO GUAYAQUIL S.A.,h1,14,baseline_majority,baseline,,,540,30,0.6333333333333333,0.6333333333333333,0.0,0.0,0.0
BANCO GUAYAQUIL S.A.,h1,14,baseline_sign_prev,baseline,,,540,30,0.5666666666666667,0.5666666666666667,0.4,0.36363636363636365,0.38095238095238093
BANCO GUAYAQUIL S.A.,h1,14,svc_linear,linear,0.2936026936026936,"{'C': 1, 'class_weight': 'balanced', 'kernel': 'linear'}",540,30,0.6666666666666666,0.6666666666666666,1.0,0.09090909090909091,0.16666666666666666
BANCO GUAYAQUIL S.A.,h1,14,svc_rbf,rbf,0.3601953601953602,"{'C': 1, 'class_weight': 'balanced', 'gamma': 0.01, 'kernel': 'rbf'}",540,30,0.6333333333333333,0.6333333333333333,0.5,0.18181818181818182,0.26666666666666666
BANCO GUAYAQUIL S.A.,h1,14,svc_poly,poly,0.35810023310023303,"{'C': 10, 'class_weight': None, 'coef0': 0.5, 'degree': 2, 'gamma': 0.1, 'kernel': 'poly'}",540,30,0.5666666666666667,0.5666666666666667,0.0,0.0,0.0
BANCO GUAYAQUIL S.A.,h1,15,baseline_majority,baseline,,,570,30,0.7666666666666667,0.7666666666666667,0.0,0.0,0.0
BANCO GUAYAQUIL S.A.,h1,15,baseline_sign_prev,baseline,,,570,30,0.7333333333333333,0.7333333333333333,0.42857142857142855,0.42857142857142855,0.42857142857142855
BANCO GUAYAQUIL S.A.,h1,15,svc_linear,linear,0.2936026936026936,"{'C': 1, 'class_weight': 'balanced', 'kernel': 'linear'}",570,30,0.7,0.7,0.375,0.42857142857142855,0.4
BANCO GUAYAQUIL S.A.,h1,15,svc_rbf,rbf,0.3601953601953602,"{'C': 1, 'class_weight': 'balanced', 'gamma': 0.01, 'kernel': 'rbf'}",570,30,0.4666666666666667,0.4666666666666667,0.2,0.42857142857142855,0.2727272727272727
BANCO GUAYAQUIL S.A.,h1,15,svc_poly,poly,0.35810023310023303,"{'C': 10, 'class_weight': None, 'coef0': 0.5, 'degree': 2, 'gamma': 0.1, 'kernel': 'poly'}",570,30,0.7666666666666667,0.7666666666666667,0.0,0.0,0.0
BANCO GUAYAQUIL S.A.,h1,16,baseline_majority,baseline,,,600,30,0.7,0.7,0.0,0.0,0.0
BANCO GUAYAQUIL S.A.,h1,16,baseline_sign_prev,baseline,,,600,30,0.43333333333333335,0.43333333333333335,0.1,0.1111111111111111,0.10526315789473684
BANCO GUAYAQUIL S.A.,h1,16,svc_linear,linear,0.2936026936026936,"{'C': 1, 'class_weight': 'balanced', 'kernel': 'linear'}",600,30,0.43333333333333335,0.43333333333333335,0.21428571428571427,0.3333333333333333,0.2608695652173913
BANCO GUAYAQUIL S.A.,h1,16,svc_rbf,rbf,0.3601953601953602,"{'C': 1, 'class_weight': 'balanced', 'gamma': 0.01, 'kernel': 'rbf'}",600,30,0.36666666666666664,0.36666666666666664,0.1875,0.3333333333333333,0.24
BANCO GUAYAQUIL S.A.,h1,16,svc_poly,poly,0.35810023310023303,"{'C': 10, 'class_weight': None, 'coef0': 0.5, 'degree': 2, 'gamma': 0.1, 'kernel': 'poly'}",600,30,0.5,0.5,0.0,0.0,0.0
BANCO GUAYAQUIL S.A.,h1,17,baseline_majority,baseline,,,630,30,0.6,0.6,0.0,0.0,0.0
BANCO GUAYAQUIL S.A.,h1,17,baseline_sign_prev,baseline,,,630,30,0.36666666666666664,0.36666666666666664,0.18181818181818182,0.16666666666666666,0.17391304347826086
BANCO GUAYAQUIL S.A.,h1,17,svc_linear,linear,0.2936026936026936,"{'C': 1, 'class_weight': 'balanced', 'kernel': 'linear'}",630,30,0.43333333333333335,0.43333333333333335,0.3076923076923077,0.3333333333333333,0.32
BANCO GUAYAQUIL S.A.,h1,17,svc_rbf,rbf,0.3601953601953602,"{'C': 1, 'class_weight': 'balanced', 'gamma': 0.01, 'kernel': 'rbf'}",630,30,0.4666666666666667,0.4666666666666667,0.3333333333333333,0.3333333333333333,0.3333333333333333
BANCO GUAYAQUIL S.A.,h1,17,svc_poly,poly,0.35810023310023303,"{'C': 10, 'class_weight': None, 'coef0': 0.5, 'degree': 2, 'gamma': 0.1, 'kernel': 'poly'}",630,30,0.6,0.6,0.5,0.16666666666666666,0.25
BANCO GUAYAQUIL S.A.,h1,18,baseline_majority,baseline,,,660,30,0.6333333333333333,0.6333333333333333,0.0,0.0,0.0
BANCO GUAYAQUIL S.A.,h1,18,baseline_sign_prev,baseline,,,660,30,0.5333333333333333,0.5333333333333333,0.36363636363636365,0.36363636363636365,0.36363636363636365
BANCO GUAYAQUIL S.A.,h1,18,svc_linear,linear,0.2936026936026936,"{'C': 1, 'class_weight': 'balanced', 'kernel': 'linear'}",660,30,0.7,0.7,0.75,0.2727272727272727,0.4
BANCO GUAYAQUIL S.A.,h1,18,svc_rbf,rbf,0.3601953601953602,"{'C': 1, 'class_weight': 'balanced', 'gamma': 0.01, 'kernel': 'rbf'}",660,30,0.6333333333333333,0.6333333333333333,0.5,0.18181818181818182,0.26666666666666666
BANCO GUAYAQUIL S.A.,h1,18,svc_poly,poly,0.35810023310023303,"{'C': 10, 'class_weight': None, 'coef0': 0.5, 'degree': 2, 'gamma': 0.1, 'kernel': 'poly'}",660,30,0.5666666666666667,0.5666666666666667,0.0,0.0,0.0
BANCO GUAYAQUIL S.A.,h1,19,baseline_majority,baseline,,,690,30,0.6333333333333333,0.6333333333333333,0.0,0.0,0.0
BANCO GUAYAQUIL S.A.,h1,19,baseline_sign_prev,baseline,,,690,30,0.4666666666666667,0.4666666666666667,0.2727272727272727,0.2727272727272727,0.2727272727272727
BANCO GUAYAQUIL S.A.,h1,19,svc_linear,linear,0.2936026936026936,"{'C': 1, 'class_weight': 'balanced', 'kernel': 'linear'}",690,30,0.6666666666666666,0.6666666666666666,0.6,0.2727272727272727,0.375
BANCO GUAYAQUIL S.A.,h1,19,svc_rbf,rbf,0.3601953601953602,"{'C': 1, 'class_weight': 'balanced', 'gamma': 0.01, 'kernel': 'rbf'}",690,30,0.6,0.6,0.4444444444444444,0.36363636363636365,0.4
BANCO GUAYAQUIL S.A.,h1,19,svc_poly,poly,0.35810023310023303,"{'C': 10, 'class_weight': None, 'coef0': 0.5, 'degree': 2, 'gamma': 0.1, 'kernel': 'poly'}",690,30,0.6333333333333333,0.6333333333333333,0.0,0.0,0.0
BANCO GUAYAQUIL S.A.,h1,20,baseline_majority,baseline,,,720,30,0.7,0.7,0.0,0.0,0.0
BANCO GUAYAQUIL S.A.,h1,20,baseline_sign_prev,baseline,,,720,30,0.5666666666666667,0.5666666666666667,0.3,0.3333333333333333,0.3157894736842105
BANCO GUAYAQUIL S.A.,h1,20,svc_linear,linear,0.2936026936026936,"{'C': 1, 'class_weight': 'balanced', 'kernel': 'linear'}",720,30,0.7666666666666667,0.7666666666666667,0.625,0.5555555555555556,0.5882352941176471
BANCO GUAYAQUIL S.A.,h1,20,svc_rbf,rbf,0.3601953601953602,"{'C': 1, 'class_weight': 'balanced', 'gamma': 0.01, 'kernel': 'rbf'}",720,30,0.6333333333333333,0.6333333333333333,0.42857142857142855,0.6666666666666666,0.5217391304347826
BANCO GUAYAQUIL S.A.,h1,20,svc_poly,poly,0.35810023310023303,"{'C': 10, 'class_weight': None, 'coef0': 0.5, 'degree': 2, 'gamma': 0.1, 'kernel': 'poly'}",720,30,0.7,0.7,0.0,0.0,0.0
BANCO GUAYAQUIL S.A.,h1,21,baseline_majority,baseline,,,750,30,0.6,0.6,0.0,0.0,0.0
BANCO GUAYAQUIL S.A.,h1,21,baseline_sign_prev,baseline,,,750,30,0.6333333333333333,0.6333333333333333,0.5454545454545454,0.5,0.5217391304347826
BANCO GUAYAQUIL S.A.,h1,21,svc_linear,linear,0.2936026936026936,"{'C': 1, 'class_weight': 'balanced', 'kernel': 'linear'}",750,30,0.7,0.7,0.6666666666666666,0.5,0.5714285714285714
BANCO GUAYAQUIL S.A.,h1,21,svc_rbf,rbf,0.3601953601953602,"{'C': 1, 'class_weight': 'balanced', 'gamma': 0.01, 'kernel': 'rbf'}",750,30,0.4666666666666667,0.4666666666666667,0.16666666666666666,0.08333333333333333,0.1111111111111111
BANCO GUAYAQUIL S.A.,h1,21,svc_poly,poly,0.35810023310023303,"{'C': 10, 'class_weight': None, 'coef0': 0.5, 'degree': 2, 'gamma': 0.1, 'kernel': 'poly'}",750,30,0.6,0.6,0.5,0.25,0.3333333333333333
BANCO GUAYAQUIL S.A.,h1,22,baseline_majority,baseline,,,780,30,0.5333333333333333,0.5333333333333333,0.0,0.0,0.0
BANCO GUAYAQUIL S.A.,h1,22,baseline_sign_prev,baseline,,,780,30,0.6,0.6,0.5714285714285714,0.5714285714285714,0.5714285714285714
BANCO GUAYAQUIL S.A.,h1,22,svc_linear,linear,0.2936026936026936,"{'C': 1, 'class_weight': 'balanced', 'kernel': 'linear'}",780,30,0.5666666666666667,0.5666666666666667,0.5714285714285714,0.2857142857142857,0.38095238095238093
BANCO GUAYAQUIL S.A.,h1,22,svc_rbf,rbf,0.3601953601953602,"{'C': 1, 'class_weight': 'balanced', 'gamma': 0.01, 'kernel': 'rbf'}",780,30,0.5333333333333333,0.5333333333333333,0.5,0.14285714285714285,0.2222222222222222
BANCO GUAYAQUIL S.A.,h1,22,svc_poly,poly,0.35810023310023303,"{'C': 10, 'class_weight': None, 'coef0': 0.5, 'degree': 2, 'gamma': 0.1, 'kernel': 'poly'}",780,30,0.5333333333333333,0.5333333333333333,0.0,0.0,0.0
BANCO GUAYAQUIL S.A.,h1,23,baseline_majority,baseline,,,810,30,0.7,0.7,0.0,0.0,0.0
BANCO GUAYAQUIL S.A.,h1,23,baseline_sign_prev,baseline,,,810,30,0.6333333333333333,0.6333333333333333,0.4,0.4444444444444444,0.42105263157894735
BANCO GUAYAQUIL S.A.,h1,23,svc_linear,linear,0.2936026936026936,"{'C': 1, 'class_weight': 'balanced', 'kernel': 'linear'}",810,30,0.7666666666666667,0.7666666666666667,0.6666666666666666,0.4444444444444444,0.5333333333333333
BANCO GUAYAQUIL S.A.,h1,23,svc_rbf,rbf,0.3601953601953602,"{'C': 1, 'class_weight': 'balanced', 'gamma': 0.01, 'kernel': 'rbf'}",810,30,0.7333333333333333,0.7333333333333333,0.6666666666666666,0.2222222222222222,0.3333333333333333
BANCO GUAYAQUIL S.A.,h1,23,svc_poly,poly,0.35810023310023303,"{'C': 10, 'class_weight': None, 'coef0': 0.5, 'degree': 2, 'gamma': 0.1, 'kernel': 'poly'}",810,30,0.7,0.7,0.0,0.0,0.0
BANCO GUAYAQUIL S.A.,h1,24,baseline_majority,baseline,,,840,30,0.7,0.7,0.0,0.0,0.0
BANCO GUAYAQUIL S.A.,h1,24,baseline_sign_prev,baseline,,,840,30,0.4666666666666667,0.4666666666666667,0.1111111111111111,0.1111111111111111,0.1111111111111111
BANCO GUAYAQUIL S.A.,h1,24,svc_linear,linear,0.2936026936026936,"{'C': 1, 'class_weight': 'balanced', 'kernel': 'linear'}",840,30,0.5333333333333333,0.5333333333333333,0.2727272727272727,0.3333333333333333,0.3
BANCO GUAYAQUIL S.A.,h1,24,svc_rbf,rbf,0.3601953601953602,"{'C': 1, 'class_weight': 'balanced', 'gamma': 0.01, 'kernel': 'rbf'}",840,30,0.6,0.6,0.2857142857142857,0.2222222222222222,0.25
BANCO GUAYAQUIL S.A.,h1,24,svc_poly,poly,0.35810023310023303,"{'C': 10, 'class_weight': None, 'coef0': 0.5, 'degree': 2, 'gamma': 0.1, 'kernel': 'poly'}",840,30,0.7,0.7,0.0,0.0,0.0
BANCO GUAYAQUIL S.A.,h1,25,baseline_majority,baseline,,,870,30,0.6333333333333333,0.6333333333333333,0.0,0.0,0.0
BANCO GUAYAQUIL S.A.,h1,25,baseline_sign_prev,baseline,,,870,30,0.4666666666666667,0.4666666666666667,0.2727272727272727,0.2727272727272727,0.2727272727272727
BANCO GUAYAQUIL S.A.,h1,25,svc_linear,linear,0.2936026936026936,"{'C': 1, 'class_weight': 'balanced', 'kernel': 'linear'}",870,30,0.5666666666666667,0.5666666666666667,0.4,0.36363636363636365,0.38095238095238093
BANCO GUAYAQUIL S.A.,h1,25,svc_rbf,rbf,0.3601953601953602,"{'C': 1, 'class_weight': 'balanced', 'gamma': 0.01, 'kernel': 'rbf'}",870,30,0.5333333333333333,0.5333333333333333,0.0,0.0,0.0
BANCO GUAYAQUIL S.A.,h1,25,svc_poly,poly,0.35810023310023303,"{'C': 10, 'class_weight': None, 'coef0': 0.5, 'degree': 2, 'gamma': 0.1, 'kernel': 'poly'}",870,30,0.6333333333333333,0.6333333333333333,0.0,0.0,0.0
BANCO GUAYAQUIL S.A.,h1,26,baseline_majority,baseline,,,900,30,0.7333333333333333,0.7333333333333333,0.0,0.0,0.0
BANCO GUAYAQUIL S.A.,h1,26,baseline_sign_prev,baseline,,,900,30,0.5333333333333333,0.5333333333333333,0.125,0.125,0.125
BANCO GUAYAQUIL S.A.,h1,26,svc_linear,linear,0.2936026936026936,"{'C': 1, 'class_weight': 'balanced', 'kernel': 'linear'}",900,30,0.4666666666666667,0.4666666666666667,0.3,0.75,0.42857142857142855
BANCO GUAYAQUIL S.A.,h1,26,svc_rbf,rbf,0.3601953601953602,"{'C': 1, 'class_weight': 'balanced', 'gamma': 0.01, 'kernel': 'rbf'}",900,30,0.5,0.5,0.23076923076923078,0.375,0.2857142857142857
BANCO GUAYAQUIL S.A.,h1,26,svc_poly,poly,0.35810023310023303,"{'C': 10, 'class_weight': None, 'coef0': 0.5, 'degree': 2, 'gamma': 0.1, 'kernel': 'poly'}",900,30,0.7333333333333333,0.7333333333333333,0.0,0.0,0.0
BANCO GUAYAQUIL S.A.,h1,27,baseline_majority,baseline,,,930,30,0.6666666666666666,0.6666666666666666,0.0,0.0,0.0
BANCO GUAYAQUIL S.A.,h1,27,baseline_sign_prev,baseline,,,930,30,0.5666666666666667,0.5666666666666667,0.3333333333333333,0.3,0.3157894736842105
BANCO GUAYAQUIL S.A.,h1,27,svc_linear,linear,0.2936026936026936,"{'C': 1, 'class_weight': 'balanced', 'kernel': 'linear'}",930,30,0.6666666666666666,0.6666666666666666,0.5,0.7,0.5833333333333334
BANCO GUAYAQUIL S.A.,h1,27,svc_rbf,rbf,0.3601953601953602,"{'C': 1, 'class_weight': 'balanced', 'gamma': 0.01, 'kernel': 'rbf'}",930,30,0.7,0.7,0.5714285714285714,0.4,0.47058823529411764
BANCO GUAYAQUIL S.A.,h1,27,svc_poly,poly,0.35810023310023303,"{'C': 10, 'class_weight': None, 'coef0': 0.5, 'degree': 2, 'gamma': 0.1, 'kernel': 'poly'}",930,30,0.6,0.6,0.3333333333333333,0.2,0.25
BANCO GUAYAQUIL S.A.,h1,28,baseline_majority,baseline,,,960,30,0.5666666666666667,0.5666666666666667,0.0,0.0,0.0
BANCO GUAYAQUIL S.A.,h1,28,baseline_sign_prev,baseline,,,960,30,0.5666666666666667,0.5666666666666667,0.5,0.5384615384615384,0.5185185185185185
BANCO GUAYAQUIL S.A.,h1,28,svc_linear,linear,0.2936026936026936,"{'C': 1, 'class_weight': 'balanced', 'kernel': 'linear'}",960,30,0.5666666666666667,0.5666666666666667,0.5,0.6153846153846154,0.5517241379310345
BANCO GUAYAQUIL S.A.,h1,28,svc_rbf,rbf,0.3601953601953602,"{'C': 1, 'class_weight': 'balanced', 'gamma': 0.01, 'kernel': 'rbf'}",960,30,0.5333333333333333,0.5333333333333333,0.46153846153846156,0.46153846153846156,0.46153846153846156
BANCO GUAYAQUIL S.A.,h1,28,svc_poly,poly,0.35810023310023303,"{'C': 10, 'class_weight': None, 'coef0': 0.5, 'degree': 2, 'gamma': 0.1, 'kernel': 'poly'}",960,30,0.6,0.6,1.0,0.07692307692307693,0.14285714285714285
BANCO GUAYAQUIL S.A.,h1,29,baseline_majority,baseline,,,990,30,0.5,0.5,0.0,0.0,0.0
BANCO GUAYAQUIL S.A.,h1,29,baseline_sign_prev,baseline,,,990,30,0.43333333333333335,0.43333333333333335,0.42857142857142855,0.4,0.41379310344827586
BANCO GUAYAQUIL S.A.,h1,29,svc_linear,linear,0.2936026936026936,"{'C': 1, 'class_weight': 'balanced', 'kernel': 'linear'}",990,30,0.6333333333333333,0.6333333333333333,0.6,0.8,0.6857142857142857
BANCO GUAYAQUIL S.A.,h1,29,svc_rbf,rbf,0.3601953601953602,"{'C': 1, 'class_weight': 'balanced', 'gamma': 0.01, 'kernel': 'rbf'}",990,30,0.4666666666666667,0.4666666666666667,0.47368421052631576,0.6,0.5294117647058824
BANCO GUAYAQUIL S.A.,h1,29,svc_poly,poly,0.35810023310023303,"{'C': 10, 'class_weight': None, 'coef0': 0.5, 'degree': 2, 'gamma': 0.1, 'kernel': 'poly'}",990,30,0.5333333333333333,0.5333333333333333,1.0,0.06666666666666667,0.125
BANCO GUAYAQUIL S.A.,h1,30,baseline_majority,baseline,,,1020,30,0.5333333333333333,0.5333333333333333,0.0,0.0,0.0
BANCO GUAYAQUIL S.A.,h1,30,baseline_sign_prev,baseline,,,1020,30,0.6,0.6,0.5714285714285714,0.5714285714285714,0.5714285714285714
BANCO GUAYAQUIL S.A.,h1,30,svc_linear,linear,0.2936026936026936,"{'C': 1, 'class_weight': 'balanced', 'kernel': 'linear'}",1020,30,0.4666666666666667,0.4666666666666667,0.4666666666666667,1.0,0.6363636363636364
BANCO GUAYAQUIL S.A.,h1,30,svc_rbf,rbf,0.3601953601953602,"{'C': 1, 'class_weight': 'balanced', 'gamma': 0.01, 'kernel': 'rbf'}",1020,30,0.4666666666666667,0.4666666666666667,0.4666666666666667,1.0,0.6363636363636364
BANCO GUAYAQUIL S.A.,h1,30,svc_poly,poly,0.35810023310023303,"{'C': 10, 'class_weight': None, 'coef0': 0.5, 'degree': 2, 'gamma': 0.1, 'kernel': 'poly'}",1020,30,0.6,0.6,0.5454545454545454,0.8571428571428571,0.6666666666666666
BANCO GUAYAQUIL S.A.,h1,31,baseline_majority,baseline,,,1050,30,0.5,0.5,0.0,0.0,0.0
BANCO GUAYAQUIL S.A.,h1,31,baseline_sign_prev,baseline,,,1050,30,0.6666666666666666,0.6666666666666666,0.6666666666666666,0.6666666666666666,0.6666666666666666
BANCO GUAYAQUIL S.A.,h1,31,svc_linear,linear,0.2936026936026936,"{'C': 1, 'class_weight': 'balanced', 'kernel': 'linear'}",1050,30,0.5,0.5,0.5,1.0,0.6666666666666666
BANCO GUAYAQUIL S.A.,h1,31,svc_rbf,rbf,0.3601953601953602,"{'C': 1, 'class_weight': 'balanced', 'gamma': 0.01, 'kernel': 'rbf'}",1050,30,0.5,0.5,0.5,1.0,0.6666666666666666
BANCO GUAYAQUIL S.A.,h1,31,svc_poly,poly,0.35810023310023303,"{'C': 10, 'class_weight': None, 'coef0': 0.5, 'degree': 2, 'gamma': 0.1, 'kernel': 'poly'}",1050,30,0.6,0.6,0.5652173913043478,0.8666666666666667,0.6842105263157895
BANCO GUAYAQUIL S.A.,h1,32,baseline_majority,baseline,,,1080,30,0.6333333333333333,0.6333333333333333,0.0,0.0,0.0
BANCO GUAYAQUIL S.A.,h1,32,baseline_sign_prev,baseline,,,1080,30,0.8,0.8,0.7272727272727273,0.7272727272727273,0.7272727272727273
BANCO GUAYAQUIL S.A.,h1,32,svc_linear,linear,0.2936026936026936,"{'C': 1, 'class_weight': 'balanced', 'kernel': 'linear'}",1080,30,0.36666666666666664,0.36666666666666664,0.36666666666666664,1.0,0.5365853658536586
BANCO GUAYAQUIL S.A.,h1,32,svc_rbf,rbf,0.3601953601953602,"{'C': 1, 'class_weight': 'balanced', 'gamma': 0.01, 'kernel': 'rbf'}",1080,30,0.36666666666666664,0.36666666666666664,0.36666666666666664,1.0,0.5365853658536586
BANCO GUAYAQUIL S.A.,h1,32,svc_poly,poly,0.35810023310023303,"{'C': 10, 'class_weight': None, 'coef0': 0.5, 'degree': 2, 'gamma': 0.1, 'kernel': 'poly'}",1080,30,0.5666666666666667,0.5666666666666667,0.45454545454545453,0.9090909090909091,0.6060606060606061
BANCO GUAYAQUIL S.A.,h1,33,baseline_majority,baseline,,,1110,30,0.4666666666666667,0.4666666666666667,0.0,0.0,0.0
BANCO GUAYAQUIL S.A.,h1,33,baseline_sign_prev,baseline,,,1110,30,0.3333333333333333,0.3333333333333333,0.375,0.375,0.375
BANCO GUAYAQUIL S.A.,h1,33,svc_linear,linear,0.2936026936026936,"{'C': 1, 'class_weight': 'balanced', 'kernel': 'linear'}",1110,30,0.5333333333333333,0.5333333333333333,0.5333333333333333,1.0,0.6956521739130435
BANCO GUAYAQUIL S.A.,h1,33,svc_rbf,rbf,0.3601953601953602,"{'C': 1, 'class_weight': 'balanced', 'gamma': 0.01, 'kernel': 'rbf'}",1110,30,0.5,0.5,0.5172413793103449,0.9375,0.6666666666666666
BANCO GUAYAQUIL S.A.,h1,33,svc_poly,poly,0.35810023310023303,"{'C': 10, 'class_weight': None, 'coef0': 0.5, 'degree': 2, 'gamma': 0.1, 'kernel': 'poly'}",1110,30,0.5,0.5,0.5263157894736842,0.625,0.5714285714285714
BANCO GUAYAQUIL S.A.,h5,0,baseline_majority,baseline,,,120,30,0.8666666666666667,0.8666666666666667,0.0,0.0,0.0
BANCO GUAYAQUIL S.A.,h5,0,baseline_sign_prev,baseline,,,120,30,0.7333333333333333,0.7333333333333333,0.0,0.0,0.0
BANCO GUAYAQUIL S.A.,h5,0,svc_linear,linear,0.4039039039039039,"{'C': 0.1, 'class_weight': 'balanced', 'kernel': 'linear'}",120,30,0.8666666666666667,0.8666666666666667,0.0,0.0,0.0
BANCO GUAYAQUIL S.A.,h5,0,svc_rbf,rbf,0.43464052287581695,"{'C': 1, 'class_weight': 'balanced', 'gamma': 0.01, 'kernel': 'rbf'}",120,30,0.5666666666666667,0.5666666666666667,0.15384615384615385,0.5,0.23529411764705882
BANCO GUAYAQUIL S.A.,h5,0,svc_poly,poly,0.49025974025974034,"{'C': 1, 'class_weight': 'balanced', 'coef0': 0.0, 'degree': 2, 'gamma': 'scale', 'kernel': 'poly'}",120,30,0.8,0.8,0.0,0.0,0.0
BANCO GUAYAQUIL S.A.,h5,1,baseline_majority,baseline,,,150,30,0.6,0.6,0.0,0.0,0.0
BANCO GUAYAQUIL S.A.,h5,1,baseline_sign_prev,baseline,,,150,30,0.4666666666666667,0.4666666666666667,0.25,0.16666666666666666,0.2
BANCO GUAYAQUIL S.A.,h5,1,svc_linear,linear,0.4039039039039039,"{'C': 0.1, 'class_weight': 'balanced', 'kernel': 'linear'}",150,30,0.43333333333333335,0.43333333333333335,0.38095238095238093,0.6666666666666666,0.48484848484848486
BANCO GUAYAQUIL S.A.,h5,1,svc_rbf,rbf,0.43464052287581695,"{'C': 1, 'class_weight': 'balanced', 'gamma': 0.01, 'kernel': 'rbf'}",150,30,0.43333333333333335,0.43333333333333335,0.35294117647058826,0.5,0.41379310344827586
BANCO GUAYAQUIL S.A.,h5,1,svc_poly,poly,0.49025974025974034,"{'C': 1, 'class_weight': 'balanced', 'coef0': 0.0, 'degree': 2, 'gamma': 'scale', 'kernel': 'poly'}",150,30,0.6,0.6,0.0,0.0,0.0
BANCO GUAYAQUIL S.A.,h5,2,baseline_majority,baseline,,,180,30,0.8,0.8,0.0,0.0,0.0
BANCO GUAYAQUIL S.A.,h5,2,baseline_sign_prev,baseline,,,180,30,0.6666666666666666,0.6666666666666666,0.0,0.0,0.0
BANCO GUAYAQUIL S.A.,h5,2,svc_linear,linear,0.4039039039039039,"{'C': 0.1, 'class_weight': 'balanced', 'kernel': 'linear'}",180,30,0.36666666666666664,0.36666666666666664,0.21739130434782608,0.8333333333333334,0.3448275862068966
BANCO GUAYAQUIL S.A.,h5,2,svc_rbf,rbf,0.43464052287581695,"{'C': 1, 'class_weight': 'balanced', 'gamma': 0.01, 'kernel': 'rbf'}",180,30,0.4,0.4,0.25,1.0,0.4
BANCO GUAYAQUIL S.A.,h5,2,svc_poly,poly,0.49025974025974034,"{'C': 1, 'class_weight': 'balanced', 'coef0': 0.0, 'degree': 2, 'gamma': 'scale', 'kernel': 'poly'}",180,30,0.6666666666666666,0.6666666666666666,0.0,0.0,0.0
BANCO GUAYAQUIL S.A.,h5,3,baseline_majority,baseline,,,210,30,0.6333333333333333,0.6333333333333333,0.0,0.0,0.0
BANCO GUAYAQUIL S.A.,h5,3,baseline_sign_prev,baseline,,,210,30,0.4,0.4,0.23076923076923078,0.2727272727272727,0.25
BANCO GUAYAQUIL S.A.,h5,3,svc_linear,linear,0.4039039039039039,"{'C': 0.1, 'class_weight': 'balanced', 'kernel': 'linear'}",210,30,0.5333333333333333,0.5333333333333333,0.4117647058823529,0.6363636363636364,0.5
BANCO GUAYAQUIL S.A.,h5,3,svc_rbf,rbf,0.43464052287581695,"{'C': 1, 'class_weight': 'balanced', 'gamma': 0.01, 'kernel': 'rbf'}",210,30,0.3333333333333333,0.3333333333333333,0.2631578947368421,0.45454545454545453,0.3333333333333333
BANCO GUAYAQUIL S.A.,h5,3,svc_poly,poly,0.49025974025974034,"{'C': 1, 'class_weight': 'balanced', 'coef0': 0.0, 'degree': 2, 'gamma': 'scale', 'kernel': 'poly'}",210,30,0.4,0.4,0.26666666666666666,0.36363636363636365,0.3076923076923077
BANCO GUAYAQUIL S.A.,h5,4,baseline_majority,baseline,,,240,30,0.7666666666666667,0.7666666666666667,0.0,0.0,0.0
BANCO GUAYAQUIL S.A.,h5,4,baseline_sign_prev,baseline,,,240,30,0.5666666666666667,0.5666666666666667,0.2,0.2857142857142857,0.23529411764705882
BANCO GUAYAQUIL S.A.,h5,4,svc_linear,linear,0.4039039039039039,"{'C': 0.1, 'class_weight': 'balanced', 'kernel': 'linear'}",240,30,0.43333333333333335,0.43333333333333335,0.1875,0.42857142857142855,0.2608695652173913
BANCO GUAYAQUIL S.A.,h5,4,svc_rbf,rbf,0.43464052287581695,"{'C': 1, 'class_weight': 'balanced', 'gamma': 0.01, 'kernel': 'rbf'}",240,30,0.5,0.5,0.2777777777777778,0.7142857142857143,0.4
BANCO GUAYAQUIL S.A.,h5,4,svc_poly,poly,0.49025974025974034,"{'C': 1, 'class_weight': 'balanced', 'coef0': 0.0, 'degree': 2, 'gamma': 'scale', 'kernel': 'poly'}",240,30,0.8666666666666667,0.8666666666666667,0.8,0.5714285714285714,0.6666666666666666
BANCO GUAYAQUIL S.A.,h5,5,baseline_majority,baseline,,,270,30,0.8,0.8,0.0,0.0,0.0
BANCO GUAYAQUIL S.A.,h5,5,baseline_sign_prev,baseline,,,270,30,0.6666666666666666,0.6666666666666666,0.25,0.3333333333333333,0.2857142857142857
BANCO GUAYAQUIL S.A.,h5,5,svc_linear,linear,0.4039039039039039,"{'C': 0.1, 'class_weight': 'balanced', 'kernel': 'linear'}",270,30,0.23333333333333334,0.23333333333333334,0.18518518518518517,0.8333333333333334,0.30303030303030304
BANCO GUAYAQUIL S.A.,h5,5,svc_rbf,rbf,0.43464052287581695,"{'C': 1, 'class_weight': 'balanced', 'gamma': 0.01, 'kernel': 'rbf'}",270,30,0.3,0.3,0.2222222222222222,1.0,0.36363636363636365
BANCO GUAYAQUIL S.A.,h5,5,svc_poly,poly,0.49025974025974034,"{'C': 1, 'class_weight': 'balanced', 'coef0': 0.0, 'degree': 2, 'gamma': 'scale', 'kernel': 'poly'}",270,30,0.8,0.8,0.0,0.0,0.0
BANCO GUAYAQUIL S.A.,h5,6,baseline_majority,baseline,,,300,30,0.7666666666666667,0.7666666666666667,0.0,0.0,0.0
BANCO GUAYAQUIL S.A.,h5,6,baseline_sign_prev,baseline,,,300,30,0.6666666666666666,0.6666666666666666,0.2857142857142857,0.2857142857142857,0.2857142857142857
BANCO GUAYAQUIL S.A.,h5,6,svc_linear,linear,0.4039039039039039,"{'C': 0.1, 'class_weight': 'balanced', 'kernel': 'linear'}",300,30,0.3,0.3,0.25,1.0,0.4
BANCO GUAYAQUIL S.A.,h5,6,svc_rbf,rbf,0.43464052287581695,"{'C': 1, 'class_weight': 'balanced', 'gamma': 0.01, 'kernel': 'rbf'}",300,30,0.23333333333333334,0.23333333333333334,0.21428571428571427,0.8571428571428571,0.34285714285714286
BANCO GUAYAQUIL S.A.,h5,6,svc_poly,poly,0.49025974025974034,"{'C': 1, 'class_weight': 'balanced', 'coef0': 0.0, 'degree': 2, 'gamma': 'scale', 'kernel': 'poly'}",300,30,0.7666666666666667,0.7666666666666667,0.0,0.0,0.0
BANCO GUAYAQUIL S.A.,h5,7,baseline_majority,baseline,,,330,30,0.3333333333333333,0.3333333333333333,0.0,0.0,0.0
BANCO GUAYAQUIL S.A.,h5,7,baseline_sign_prev,baseline,,,330,30,0.4666666666666667,0.4666666666666667,0.6428571428571429,0.45,0.5294117647058824
BANCO GUAYAQUIL S.A.,h5,7,svc_linear,linear,0.4039039039039039,"{'C': 0.1, 'class_weight': 'balanced', 'kernel': 'linear'}",330,30,0.5333333333333333,0.5333333333333333,0.6363636363636364,0.7,0.6666666666666666
BANCO GUAYAQUIL S.A.,h5,7,svc_rbf,rbf,0.43464052287581695,"{'C': 1, 'class_weight': 'balanced', 'gamma': 0.01, 'kernel': 'rbf'}",330,30,0.43333333333333335,0.43333333333333335,0.6153846153846154,0.4,0.48484848484848486
BANCO GUAYAQUIL S.A.,h5,7,svc_poly,poly,0.49025974025974034,"{'C': 1, 'class_weight': 'balanced', 'coef0': 0.0, 'degree': 2, 'gamma': 'scale', 'kernel': 'poly'}",330,30,0.3333333333333333,0.3333333333333333,0.0,0.0,0.0
BANCO GUAYAQUIL S.A.,h5,8,baseline_majority,baseline,,,360,30,0.5333333333333333,0.5333333333333333,0.0,0.0,0.0
BANCO GUAYAQUIL S.A.,h5,8,baseline_sign_prev,baseline,,,360,30,0.5333333333333333,0.5333333333333333,0.5,0.35714285714285715,0.4166666666666667
BANCO GUAYAQUIL S.A.,h5,8,svc_linear,linear,0.4039039039039039,"{'C': 0.1, 'class_weight': 'balanced', 'kernel': 'linear'}",360,30,0.6333333333333333,0.6333333333333333,1.0,0.21428571428571427,0.35294117647058826
BANCO GUAYAQUIL S.A.,h5,8,svc_rbf,rbf,0.43464052287581695,"{'C': 1, 'class_weight': 'balanced', 'gamma': 0.01, 'kernel': 'rbf'}",360,30,0.6666666666666666,0.6666666666666666,0.75,0.42857142857142855,0.5454545454545454
BANCO GUAYAQUIL S.A.,h5,8,svc_poly,poly,0.49025974025974034,"{'C': 1, 'class_weight': 'balanced', 'coef0': 0.0, 'degree': 2, 'gamma': 'scale', 'kernel': 'poly'}",360,30,0.5333333333333333,0.5333333333333333,0.0,0.0,0.0
BANCO GUAYAQUIL S.A.,h5,9,baseline_majority,baseline,,,390,30,0.5666666666666667,0.5666666666666667,0.0,0.0,0.0
BANCO GUAYAQUIL S.A.,h5,9,baseline_sign_prev,baseline,,,390,30,0.4666666666666667,0.4666666666666667,0.2857142857142857,0.15384615384615385,0.2
BANCO GUAYAQUIL S.A.,h5,9,svc_linear,linear,0.4039039039039039,"{'C': 0.1, 'class_weight': 'balanced', 'kernel': 'linear'}",390,30,0.6,0.6,1.0,0.07692307692307693,0.14285714285714285
BANCO GUAYAQUIL S.A.,h5,9,svc_rbf,rbf,0.43464052287581695,"{'C': 1, 'class_weight': 'balanced', 'gamma': 0.01, 'kernel': 'rbf'}",390,30,0.6,0.6,1.0,0.07692307692307693,0.14285714285714285
BANCO GUAYAQUIL S.A.,h5,9,svc_poly,poly,0.49025974025974034,"{'C': 1, 'class_weight': 'balanced', 'coef0': 0.0, 'degree': 2, 'gamma': 'scale', 'kernel': 'poly'}",390,30,0.5666666666666667,0.5666666666666667,0.0,0.0,0.0
BANCO GUAYAQUIL S.A.,h5,10,baseline_majority,baseline,,,420,30,0.6333333333333333,0.6333333333333333,0.0,0.0,0.0
BANCO GUAYAQUIL S.A.,h5,10,baseline_sign_prev,baseline,,,420,30,0.5666666666666667,0.5666666666666667,0.3333333333333333,0.18181818181818182,0.23529411764705882
BANCO GUAYAQUIL S.A.,h5,10,svc_linear,linear,0.4039039039039039,"{'C': 0.1, 'class_weight': 'balanced', 'kernel': 'linear'}",420,30,0.6,0.6,0.0,0.0,0.0
BANCO GUAYAQUIL S.A.,h5,10,svc_rbf,rbf,0.43464052287581695,"{'C': 1, 'class_weight': 'balanced', 'gamma': 0.01, 'kernel': 'rbf'}",420,30,0.6333333333333333,0.6333333333333333,0.0,0.0,0.0
BANCO GUAYAQUIL S.A.,h5,10,svc_poly,poly,0.49025974025974034,"{'C': 1, 'class_weight': 'balanced', 'coef0': 0.0, 'degree': 2, 'gamma': 'scale', 'kernel': 'poly'}",420,30,0.6333333333333333,0.6333333333333333,0.0,0.0,0.0
BANCO GUAYAQUIL S.A.,h5,11,baseline_majority,baseline,,,450,30,0.7666666666666667,0.7666666666666667,0.0,0.0,0.0
BANCO GUAYAQUIL S.A.,h5,11,baseline_sign_prev,baseline,,,450,30,0.5666666666666667,0.5666666666666667,0.125,0.14285714285714285,0.13333333333333333
BANCO GUAYAQUIL S.A.,h5,11,svc_linear,linear,0.4039039039039039,"{'C': 0.1, 'class_weight': 'balanced', 'kernel': 'linear'}",450,30,0.7666666666666667,0.7666666666666667,0.0,0.0,0.0
BANCO GUAYAQUIL S.A.,h5,11,svc_rbf,rbf,0.43464052287581695,"{'C': 1, 'class_weight': 'balanced', 'gamma': 0.01, 'kernel': 'rbf'}",450,30,0.7666666666666667,0.7666666666666667,0.0,0.0,0.0
BANCO GUAYAQUIL S.A.,h5,11,svc_poly,poly,0.49025974025974034,"{'C': 1, 'class_weight': 'balanced', 'coef0': 0.0, 'degree': 2, 'gamma': 'scale', 'kernel': 'poly'}",450,30,0.7666666666666667,0.7666666666666667,0.0,0.0,0.0
BANCO GUAYAQUIL S.A.,h5,12,baseline_majority,baseline,,,480,30,0.7333333333333333,0.7333333333333333,0.0,0.0,0.0
BANCO GUAYAQUIL S.A.,h5,12,baseline_sign_prev,baseline,,,480,30,0.6333333333333333,0.6333333333333333,0.3333333333333333,0.375,0.35294117647058826
BANCO GUAYAQUIL S.A.,h5,12,svc_linear,linear,0.4039039039039039,"{'C': 0.1, 'class_weight': 'balanced', 'kernel': 'linear'}",480,30,0.7333333333333333,0.7333333333333333,0.0,0.0,0.0
BANCO GUAYAQUIL S.A.,h5,12,svc_rbf,rbf,0.43464052287581695,"{'C': 1, 'class_weight': 'balanced', 'gamma': 0.01, 'kernel': 'rbf'}",480,30,0.7,0.7,0.0,0.0,0.0
BANCO GUAYAQUIL S.A.,h5,12,svc_poly,poly,0.49025974025974034,"{'C': 1, 'class_weight': 'balanced', 'coef0': 0.0, 'degree': 2, 'gamma': 'scale', 'kernel': 'poly'}",480,30,0.7333333333333333,0.7333333333333333,0.0,0.0,0.0
BANCO GUAYAQUIL S.A.,h5,13,baseline_majority,baseline,,,510,30,0.5,0.5,0.0,0.0,0.0
BANCO GUAYAQUIL S.A.,h5,13,baseline_sign_prev,baseline,,,510,30,0.5333333333333333,0.5333333333333333,0.5555555555555556,0.3333333333333333,0.4166666666666667
BANCO GUAYAQUIL S.A.,h5,13,svc_linear,linear,0.4039039039039039,"{'C': 0.1, 'class_weight': 'balanced', 'kernel': 'linear'}",510,30,0.6,0.6,0.8,0.26666666666666666,0.4
BANCO GUAYAQUIL S.A.,h5,13,svc_rbf,rbf,0.43464052287581695,"{'C': 1, 'class_weight': 'balanced', 'gamma': 0.01, 'kernel': 'rbf'}",510,30,0.5666666666666667,0.5666666666666667,0.75,0.2,0.3157894736842105
BANCO GUAYAQUIL S.A.,h5,13,svc_poly,poly,0.49025974025974034,"{'C': 1, 'class_weight': 'balanced', 'coef0': 0.0, 'degree': 2, 'gamma': 'scale', 'kernel': 'poly'}",510,30,0.5,0.5,0.0,0.0,0.0
BANCO GUAYAQUIL S.A.,h5,14,baseline_majority,baseline,,,540,30,0.6666666666666666,0.6666666666666666,0.0,0.0,0.0
BANCO GUAYAQUIL S.A.,h5,14,baseline_sign_prev,baseline,,,540,30,0.6,0.6,0.4,0.4,0.4
BANCO GUAYAQUIL S.A.,h5,14,svc_linear,linear,0.4039039039039039,"{'C': 0.1, 'class_weight': 'balanced', 'kernel': 'linear'}",540,30,0.7,0.7,0.6666666666666666,0.2,0.3076923076923077
BANCO GUAYAQUIL S.A.,h5,14,svc_rbf,rbf,0.43464052287581695,"{'C': 1, 'class_weight': 'balanced', 'gamma': 0.01, 'kernel': 'rbf'}",540,30,0.5666666666666667,0.5666666666666667,0.2,0.1,0.13333333333333333
BANCO GUAYAQUIL S.A.,h5,14,svc_poly,poly,0.49025974025974034,"{'C': 1, 'class_weight': 'balanced', 'coef0': 0.0, 'degree': 2, 'gamma': 'scale', 'kernel': 'poly'}",540,30,0.6666666666666666,0.6666666666666666,0.0,0.0,0.0
BANCO GUAYAQUIL S.A.,h5,15,baseline_majority,baseline,,,570,30,0.6333333333333333,0.6333333333333333,0.0,0.0,0.0
BANCO GUAYAQUIL S.A.,h5,15,baseline_sign_prev,baseline,,,570,30,0.6,0.6,0.42857142857142855,0.2727272727272727,0.3333333333333333
BANCO GUAYAQUIL S.A.,h5,15,svc_linear,linear,0.4039039039039039,"{'C': 0.1, 'class_weight': 'balanced', 'kernel': 'linear'}",570,30,0.6666666666666666,0.6666666666666666,0.6,0.2727272727272727,0.375
BANCO GUAYAQUIL S.A.,h5,15,svc_rbf,rbf,0.43464052287581695,"{'C': 1, 'class_weight': 'balanced', 'gamma': 0.01, 'kernel': 'rbf'}",570,30,0.5333333333333333,0.5333333333333333,0.3333333333333333,0.2727272727272727,0.3
BANCO GUAYAQUIL S.A.,h5,15,svc_poly,poly,0.49025974025974034,"{'C': 1, 'class_weight': 'balanced', 'coef0': 0.0, 'degree': 2, 'gamma': 'scale', 'kernel': 'poly'}",570,30,0.6333333333333333,0.6333333333333333,0.0,0.0,0.0
BANCO GUAYAQUIL S.A.,h5,16,baseline_majority,baseline,,,600,30,0.7,0.7,0.0,0.0,0.0
BANCO GUAYAQUIL S.A.,h5,16,baseline_sign_prev,baseline,,,600,30,0.5666666666666667,0.5666666666666667,0.3,0.3333333333333333,0.3157894736842105
BANCO GUAYAQUIL S.A.,h5,16,svc_linear,linear,0.4039039039039039,"{'C': 0.1, 'class_weight': 'balanced', 'kernel': 'linear'}",600,30,0.4666666666666667,0.4666666666666667,0.3333333333333333,0.7777777777777778,0.4666666666666667
BANCO GUAYAQUIL S.A.,h5,16,svc_rbf,rbf,0.43464052287581695,"{'C': 1, 'class_weight': 'balanced', 'gamma': 0.01, 'kernel': 'rbf'}",600,30,0.4,0.4,0.23529411764705882,0.4444444444444444,0.3076923076923077
BANCO GUAYAQUIL S.A.,h5,16,svc_poly,poly,0.49025974025974034,"{'C': 1, 'class_weight': 'balanced', 'coef0': 0.0, 'degree': 2, 'gamma': 'scale', 'kernel': 'poly'}",600,30,0.7,0.7,0.0,0.0,0.0
BANCO GUAYAQUIL S.A.,h5,17,baseline_majority,baseline,,,630,30,0.5666666666666667,0.5666666666666667,0.0,0.0,0.0
BANCO GUAYAQUIL S.A.,h5,17,baseline_sign_prev,baseline,,,630,30,0.4,0.4,0.2727272727272727,0.23076923076923078,0.25
BANCO GUAYAQUIL S.A.,h5,17,svc_linear,linear,0.4039039039039039,"{'C': 0.1, 'class_weight': 'balanced', 'kernel': 'linear'}",630,30,0.43333333333333335,0.43333333333333335,0.4,0.6153846153846154,0.48484848484848486
BANCO GUAYAQUIL S.A.,h5,17,svc_rbf,rbf,0.43464052287581695,"{'C': 1, 'class_weight': 'balanced', 'gamma': 0.01, 'kernel': 'rbf'}",630,30,0.43333333333333335,0.43333333333333335,0.3333333333333333,0.3076923076923077,0.32
BANCO GUAYAQUIL S.A.,h5,17,svc_poly,poly,0.49025974025974034,"{'C': 1, 'class_weight': 'balanced', 'coef0': 0.0, 'degree': 2, 'gamma': 'scale', 'kernel': 'poly'}",630,30,0.5666666666666667,0.5666666666666667,0.0,0.0,0.0
BANCO GUAYAQUIL S.A.,h5,18,baseline_majority,baseline,,,660,30,0.6333333333333333,0.6333333333333333,0.0,0.0,0.0
BANCO GUAYAQUIL S.A.,h5,18,baseline_sign_prev,baseline,,,660,30,0.5333333333333333,0.5333333333333333,0.36363636363636365,0.36363636363636365,0.36363636363636365
BANCO GUAYAQUIL S.A.,h5,18,svc_linear,linear,0.4039039039039039,"{'C': 0.1, 'class_weight': 'balanced', 'kernel': 'linear'}",660,30,0.6666666666666666,0.6666666666666666,0.5384615384615384,0.6363636363636364,0.5833333333333334
BANCO GUAYAQUIL S.A.,h5,18,svc_rbf,rbf,0.43464052287581695,"{'C': 1, 'class_weight': 'balanced', 'gamma': 0.01, 'kernel': 'rbf'}",660,30,0.7333333333333333,0.7333333333333333,0.6666666666666666,0.5454545454545454,0.6
BANCO GUAYAQUIL S.A.,h5,18,svc_poly,poly,0.49025974025974034,"{'C': 1, 'class_weight': 'balanced', 'coef0': 0.0, 'degree': 2, 'gamma': 'scale', 'kernel': 'poly'}",660,30,0.6333333333333333,0.6333333333333333,0.0,0.0,0.0
BANCO GUAYAQUIL S.A.,h5,19,baseline_majority,baseline,,,690,30,0.3333333333333333,0.3333333333333333,0.0,0.0,0.0
BANCO GUAYAQUIL S.A.,h5,19,baseline_sign_prev,baseline,,,690,30,0.36666666666666664,0.36666666666666664,0.5454545454545454,0.3,0.3870967741935484
BANCO GUAYAQUIL S.A.,h5,19,svc_linear,linear,0.4039039039039039,"{'C': 0.1, 'class_weight': 'balanced', 'kernel': 'linear'}",690,30,0.4666666666666667,0.4666666666666667,0.6666666666666666,0.4,0.5
BANCO GUAYAQUIL S.A.,h5,19,svc_rbf,rbf,0.43464052287581695,"{'C': 1, 'class_weight': 'balanced', 'gamma': 0.01, 'kernel': 'rbf'}",690,30,0.43333333333333335,0.43333333333333335,0.6666666666666666,0.3,0.41379310344827586
BANCO GUAYAQUIL S.A.,h5,19,svc_poly,poly,0.49025974025974034,"{'C': 1, 'class_weight': 'balanced', 'coef0': 0.0, 'degree': 2, 'gamma': 'scale', 'kernel': 'poly'}",690,30,0.3333333333333333,0.3333333333333333,0.0,0.0,0.0
BANCO GUAYAQUIL S.A.,h5,20,baseline_majority,baseline,,,720,30,0.6666666666666666,0.6666666666666666,0.0,0.0,0.0
BANCO GUAYAQUIL S.A.,h5,20,baseline_sign_prev,baseline,,,720,30,0.6,0.6,0.4,0.4,0.4
BANCO GUAYAQUIL S.A.,h5,20,svc_linear,linear,0.4039039039039039,"{'C': 0.1, 'class_weight': 'balanced', 'kernel': 'linear'}",720,30,0.6333333333333333,0.6333333333333333,0.42857142857142855,0.3,0.35294117647058826
BANCO GUAYAQUIL S.A.,h5,20,svc_rbf,rbf,0.43464052287581695,"{'C': 1, 'class_weight': 'balanced', 'gamma': 0.01, 'kernel': 'rbf'}",720,30,0.7,0.7,0.5384615384615384,0.7,0.6086956521739131
BANCO GUAYAQUIL S.A.,h5,20,svc_poly,poly,0.49025974025974034,"{'C': 1, 'class_weight': 'balanced', 'coef0': 0.0, 'degree': 2, 'gamma': 'scale', 'kernel': 'poly'}",720,30,0.6666666666666666,0.6666666666666666,0.0,0.0,0.0
BANCO GUAYAQUIL S.A.,h5,21,baseline_majority,baseline,,,750,30,0.6,0.6,0.0,0.0,0.0
BANCO GUAYAQUIL S.A.,h5,21,baseline_sign_prev,baseline,,,750,30,0.7666666666666667,0.7666666666666667,0.7272727272727273,0.6666666666666666,0.6956521739130435
BANCO GUAYAQUIL S.A.,h5,21,svc_linear,linear,0.4039039039039039,"{'C': 0.1, 'class_weight': 'balanced', 'kernel': 'linear'}",750,30,0.6333333333333333,0.6333333333333333,0.5454545454545454,0.5,0.5217391304347826
BANCO GUAYAQUIL S.A.,h5,21,svc_rbf,rbf,0.43464052287581695,"{'C': 1, 'class_weight': 'balanced', 'gamma': 0.01, 'kernel': 'rbf'}",750,30,0.5333333333333333,0.5333333333333333,0.3333333333333333,0.16666666666666666,0.2222222222222222
BANCO GUAYAQUIL S.A.,h5,21,svc_poly,poly,0.49025974025974034,"{'C': 1, 'class_weight': 'balanced', 'coef0': 0.0, 'degree': 2, 'gamma': 'scale', 'kernel': 'poly'}",750,30,0.6,0.6,0.0,0.0,0.0
BANCO GUAYAQUIL S.A.,h5,22,baseline_majority,baseline,,,780,30,0.43333333333333335,0.43333333333333335,0.0,0.0,0.0
BANCO GUAYAQUIL S.A.,h5,22,baseline_sign_prev,baseline,,,780,30,0.43333333333333335,0.43333333333333335,0.5,0.4117647058823529,0.45161290322580644
BANCO GUAYAQUIL S.A.,h5,22,svc_linear,linear,0.4039039039039039,"{'C': 0.1, 'class_weight': 'balanced', 'kernel': 'linear'}",780,30,0.4666666666666667,0.4666666666666667,0.5384615384615384,0.4117647058823529,0.4666666666666667
BANCO GUAYAQUIL S.A.,h5,22,svc_rbf,rbf,0.43464052287581695,"{'C': 1, 'class_weight': 'balanced', 'gamma': 0.01, 'kernel': 'rbf'}",780,30,0.4666666666666667,0.4666666666666667,0.6,0.17647058823529413,0.2727272727272727
BANCO GUAYAQUIL S.A.,h5,22,svc_poly,poly,0.49025974025974034,"{'C': 1, 'class_weight': 'balanced', 'coef0': 0.0, 'degree': 2, 'gamma': 'scale', 'kernel': 'poly'}",780,30,0.43333333333333335,0.43333333333333335,0.0,0.0,0.0
BANCO GUAYAQUIL S.A.,h5,23,baseline_majority,baseline,,,810,30,0.7333333333333333,0.7333333333333333,0.0,0.0,0.0
BANCO GUAYAQUIL S.A.,h5,23,baseline_sign_prev,baseline,,,810,30,0.5333333333333333,0.5333333333333333,0.2,0.25,0.2222222222222222
BANCO GUAYAQUIL S.A.,h5,23,svc_linear,linear,0.4039039039039039,"{'C': 0.1, 'class_weight': 'balanced', 'kernel': 'linear'}",810,30,0.6,0.6,0.25,0.25,0.25
BANCO GUAYAQUIL S.A.,h5,23,svc_rbf,rbf,0.43464052287581695,"{'C': 1, 'class_weight': 'balanced', 'gamma': 0.01, 'kernel': 'rbf'}",810,30,0.6666666666666666,0.6666666666666666,0.25,0.125,0.16666666666666666
BANCO GUAYAQUIL S.A.,h5,23,svc_poly,poly,0.49025974025974034,"{'C': 1, 'class_weight': 'balanced', 'coef0': 0.0, 'degree': 2, 'gamma': 'scale', 'kernel': 'poly'}",810,30,0.7333333333333333,0.7333333333333333,0.0,0.0,0.0
BANCO GUAYAQUIL S.A.,h5,24,baseline_majority,baseline,,,840,30,0.4666666666666667,0.4666666666666667,0.0,0.0,0.0
BANCO GUAYAQUIL S.A.,h5,24,baseline_sign_prev,baseline,,,840,30,0.3,0.3,0.2222222222222222,0.125,0.16
BANCO GUAYAQUIL S.A.,h5,24,svc_linear,linear,0.4039039039039039,"{'C': 0.1, 'class_weight': 'balanced', 'kernel': 'linear'}",840,30,0.43333333333333335,0.43333333333333335,0.45454545454545453,0.3125,0.37037037037037035
BANCO GUAYAQUIL S.A.,h5,24,svc_rbf,rbf,0.43464052287581695,"{'C': 1, 'class_weight': 'balanced', 'gamma': 0.01, 'kernel': 'rbf'}",840,30,0.4666666666666667,0.4666666666666667,0.5,0.125,0.2
BANCO GUAYAQUIL S.A.,h5,24,svc_poly,poly,0.49025974025974034,"{'C': 1, 'class_weight': 'balanced', 'coef0': 0.0, 'degree': 2, 'gamma': 'scale', 'kernel': 'poly'}",840,30,0.4666666666666667,0.4666666666666667,0.0,0.0,0.0
BANCO GUAYAQUIL S.A.,h5,25,baseline_majority,baseline,,,870,30,0.36666666666666664,0.36666666666666664,0.0,0.0,0.0
BANCO GUAYAQUIL S.A.,h5,25,baseline_sign_prev,baseline,,,870,30,0.4,0.4,0.5454545454545454,0.3157894736842105,0.4
BANCO GUAYAQUIL S.A.,h5,25,svc_linear,linear,0.4039039039039039,"{'C': 0.1, 'class_weight': 'balanced', 'kernel': 'linear'}",870,30,0.3333333333333333,0.3333333333333333,0.45454545454545453,0.2631578947368421,0.3333333333333333
BANCO GUAYAQUIL S.A.,h5,25,svc_rbf,rbf,0.43464052287581695,"{'C': 1, 'class_weight': 'balanced', 'gamma': 0.01, 'kernel': 'rbf'}",870,30,0.3333333333333333,0.3333333333333333,0.0,0.0,0.0
BANCO GUAYAQUIL S.A.,h5,25,svc_poly,poly,0.49025974025974034,"{'C': 1, 'class_weight': 'balanced', 'coef0': 0.0, 'degree': 2, 'gamma': 'scale', 'kernel': 'poly'}",870,30,0.36666666666666664,0.36666666666666664,0.0,0.0,0.0
BANCO GUAYAQUIL S.A.,h5,26,baseline_majority,baseline,,,900,30,0.7666666666666667,0.7666666666666667,0.0,0.0,0.0
BANCO GUAYAQUIL S.A.,h5,26,baseline_sign_prev,baseline,,,900,30,0.6333333333333333,0.6333333333333333,0.25,0.2857142857142857,0.26666666666666666
BANCO GUAYAQUIL S.A.,h5,26,svc_linear,linear,0.4039039039039039,"{'C': 0.1, 'class_weight': 'balanced', 'kernel': 'linear'}",900,30,0.6,0.6,0.3333333333333333,0.7142857142857143,0.45454545454545453
BANCO GUAYAQUIL S.A.,h5,26,svc_rbf,rbf,0.43464052287581695,"{'C': 1, 'class_weight': 'balanced', 'gamma': 0.01, 'kernel': 'rbf'}",900,30,0.5666666666666667,0.5666666666666667,0.3125,0.7142857142857143,0.43478260869565216
BANCO GUAYAQUIL S.A.,h5,26,svc_poly,poly,0.49025974025974034,"{'C': 1, 'class_weight': 'balanced', 'coef0': 0.0, 'degree': 2, 'gamma': 'scale', 'kernel': 'poly'}",900,30,0.7666666666666667,0.7666666666666667,0.0,0.0,0.0
BANCO GUAYAQUIL S.A.,h5,27,baseline_majority,baseline,,,930,30,0.6333333333333333,0.6333333333333333,0.0,0.0,0.0
BANCO GUAYAQUIL S.A.,h5,27,baseline_sign_prev,baseline,,,930,30,0.4666666666666667,0.4666666666666667,0.2222222222222222,0.18181818181818182,0.2
BANCO GUAYAQUIL S.A.,h5,27,svc_linear,linear,0.4039039039039039,"{'C': 0.1, 'class_weight': 'balanced', 'kernel': 'linear'}",930,30,0.6333333333333333,0.6333333333333333,0.5,0.2727272727272727,0.35294117647058826
BANCO GUAYAQUIL S.A.,h5,27,svc_rbf,rbf,0.43464052287581695,"{'C': 1, 'class_weight': 'balanced', 'gamma': 0.01, 'kernel': 'rbf'}",930,30,0.7333333333333333,0.7333333333333333,1.0,0.2727272727272727,0.42857142857142855
BANCO GUAYAQUIL S.A.,h5,27,svc_poly,poly,0.49025974025974034,"{'C': 1, 'class_weight': 'balanced', 'coef0': 0.0, 'degree': 2, 'gamma': 'scale', 'kernel': 'poly'}",930,30,0.6333333333333333,0.6333333333333333,0.0,0.0,0.0
BANCO GUAYAQUIL S.A.,h5,28,baseline_majority,baseline,,,960,30,0.23333333333333334,0.23333333333333334,0.0,0.0,0.0
BANCO GUAYAQUIL S.A.,h5,28,baseline_sign_prev,baseline,,,960,30,0.36666666666666664,0.36666666666666664,0.6428571428571429,0.391304347826087,0.4864864864864865
BANCO GUAYAQUIL S.A.,h5,28,svc_linear,linear,0.4039039039039039,"{'C': 0.1, 'class_weight': 'balanced', 'kernel': 'linear'}",960,30,0.5,0.5,0.9,0.391304347826087,0.5454545454545454
BANCO GUAYAQUIL S.A.,h5,28,svc_rbf,rbf,0.43464052287581695,"{'C': 1, 'class_weight': 'balanced', 'gamma': 0.01, 'kernel': 'rbf'}",960,30,0.5333333333333333,0.5333333333333333,0.9090909090909091,0.43478260869565216,0.5882352941176471
BANCO GUAYAQUIL S.A.,h5,28,svc_poly,poly,0.49025974025974034,"{'C': 1, 'class_weight': 'balanced', 'coef0': 0.0, 'degree': 2, 'gamma': 'scale', 'kernel': 'poly'}",960,30,0.23333333333333334,0.23333333333333334,0.0,0.0,0.0
BANCO GUAYAQUIL S.A.,h5,29,baseline_majority,baseline,,,990,30,0.06666666666666667,0.06666666666666667,0.0,0.0,0.0
BANCO GUAYAQUIL S.A.,h5,29,baseline_sign_prev,baseline,,,990,30,0.4666666666666667,0.4666666666666667,0.9285714285714286,0.4642857142857143,0.6190476190476191
BANCO GUAYAQUIL S.A.,h5,29,svc_linear,linear,0.4039039039039039,"{'C': 0.1, 'class_weight': 'balanced', 'kernel': 'linear'}",990,30,0.9333333333333333,0.9333333333333333,0.9333333333333333,1.0,0.9655172413793104
BANCO GUAYAQUIL S.A.,h5,29,svc_rbf,rbf,0.43464052287581695,"{'C': 1, 'class_weight': 'balanced', 'gamma': 0.01, 'kernel': 'rbf'}",990,30,0.9333333333333333,0.9333333333333333,0.9333333333333333,1.0,0.9655172413793104
BANCO GUAYAQUIL S.A.,h5,29,svc_poly,poly,0.49025974025974034,"{'C': 1, 'class_weight': 'balanced', 'coef0': 0.0, 'degree': 2, 'gamma': 'scale', 'kernel': 'poly'}",990,30,0.06666666666666667,0.06666666666666667,0.0,0.0,0.0
BANCO GUAYAQUIL S.A.,h5,30,baseline_majority,baseline,,,1020,30,0.36666666666666664,0.36666666666666664,0.0,0.0,0.0
BANCO GUAYAQUIL S.A.,h5,30,baseline_sign_prev,baseline,,,1020,30,0.6333333333333333,0.6333333333333333,0.7857142857142857,0.5789473684210527,0.6666666666666666
BANCO GUAYAQUIL S.A.,h5,30,svc_linear,linear,0.4039039039039039,"{'C': 0.1, 'class_weight': 'balanced', 'kernel': 'linear'}",1020,30,0.6333333333333333,0.6333333333333333,0.6333333333333333,1.0,0.7755102040816326
BANCO GUAYAQUIL S.A.,h5,30,svc_rbf,rbf,0.43464052287581695,"{'C': 1, 'class_weight': 'balanced', 'gamma': 0.01, 'kernel': 'rbf'}",1020,30,0.6333333333333333,0.6333333333333333,0.6333333333333333,1.0,0.7755102040816326
BANCO GUAYAQUIL S.A.,h5,30,svc_poly,poly,0.49025974025974034,"{'C': 1, 'class_weight': 'balanced', 'coef0': 0.0, 'degree': 2, 'gamma': 'scale', 'kernel': 'poly'}",1020,30,0.36666666666666664,0.36666666666666664,0.0,0.0,0.0
BANCO GUAYAQUIL S.A.,h5,31,baseline_majority,baseline,,,1050,30,0.1,0.1,0.0,0.0,0.0
BANCO GUAYAQUIL S.A.,h5,31,baseline_sign_prev,baseline,,,1050,30,0.4666666666666667,0.4666666666666667,0.8666666666666667,0.48148148148148145,0.6190476190476191
BANCO GUAYAQUIL S.A.,h5,31,svc_linear,linear,0.4039039039039039,"{'C': 0.1, 'class_weight': 'balanced', 'kernel': 'linear'}",1050,30,0.9,0.9,0.9,1.0,0.9473684210526315
BANCO GUAYAQUIL S.A.,h5,31,svc_rbf,rbf,0.43464052287581695,"{'C': 1, 'class_weight': 'balanced', 'gamma': 0.01, 'kernel': 'rbf'}",1050,30,0.9,0.9,0.9,1.0,0.9473684210526315
BANCO GUAYAQUIL S.A.,h5,31,svc_poly,poly,0.49025974025974034,"{'C': 1, 'class_weight': 'balanced', 'coef0': 0.0, 'degree': 2, 'gamma': 'scale', 'kernel': 'poly'}",1050,30,0.1,0.1,0.0,0.0,0.0
BANCO GUAYAQUIL S.A.,h5,32,baseline_majority,baseline,,,1080,30,0.13333333333333333,0.13333333333333333,0.0,0.0,0.0
BANCO GUAYAQUIL S.A.,h5,32,baseline_sign_prev,baseline,,,1080,30,0.36666666666666664,0.36666666666666664,0.8181818181818182,0.34615384615384615,0.4864864864864865
BANCO GUAYAQUIL S.A.,h5,32,svc_linear,linear,0.4039039039039039,"{'C': 0.1, 'class_weight': 'balanced', 'kernel': 'linear'}",1080,30,0.8666666666666667,0.8666666666666667,0.8666666666666667,1.0,0.9285714285714286
BANCO GUAYAQUIL S.A.,h5,32,svc_rbf,rbf,0.43464052287581695,"{'C': 1, 'class_weight': 'balanced', 'gamma': 0.01, 'kernel': 'rbf'}",1080,30,0.8666666666666667,0.8666666666666667,0.8666666666666667,1.0,0.9285714285714286
BANCO GUAYAQUIL S.A.,h5,32,svc_poly,poly,0.49025974025974034,"{'C': 1, 'class_weight': 'balanced', 'coef0': 0.0, 'degree': 2, 'gamma': 'scale', 'kernel': 'poly'}",1080,30,0.13333333333333333,0.13333333333333333,0.0,0.0,0.0
BANCO GUAYAQUIL S.A.,h5,33,baseline_majority,baseline,,,1110,30,0.13333333333333333,0.13333333333333333,0.0,0.0,0.0
BANCO GUAYAQUIL S.A.,h5,33,baseline_sign_prev,baseline,,,1110,30,0.4666666666666667,0.4666666666666667,0.8125,0.5,0.6190476190476191
BANCO GUAYAQUIL S.A.,h5,33,svc_linear,linear,0.4039039039039039,"{'C': 0.1, 'class_weight': 'balanced', 'kernel': 'linear'}",1110,30,0.8666666666666667,0.8666666666666667,0.8666666666666667,1.0,0.9285714285714286
BANCO GUAYAQUIL S.A.,h5,33,svc_rbf,rbf,0.43464052287581695,"{'C': 1, 'class_weight': 'balanced', 'gamma': 0.01, 'kernel': 'rbf'}",1110,30,0.8666666666666667,0.8666666666666667,0.8666666666666667,1.0,0.9285714285714286
BANCO GUAYAQUIL S.A.,h5,33,svc_poly,poly,0.49025974025974034,"{'C': 1, 'class_weight': 'balanced', 'coef0': 0.0, 'degree': 2, 'gamma': 'scale', 'kernel': 'poly'}",1110,30,0.6333333333333333,0.6333333333333333,0.8260869565217391,0.7307692307692307,0.7755102040816326
BANCO GUAYAQUIL S.A.,h20,0,baseline_majority,baseline,,,120,30,0.9666666666666667,0.9666666666666667,0.0,0.0,0.0
BANCO GUAYAQUIL S.A.,h20,0,baseline_sign_prev,baseline,,,120,30,0.8333333333333334,0.8333333333333334,0.0,0.0,0.0
BANCO GUAYAQUIL S.A.,h20,0,svc_linear,linear,,"{'kernel': 'linear', 'C': 1, 'class_weight': 'balanced'}",120,30,0.9666666666666667,0.9666666666666667,0.0,0.0,0.0
BANCO GUAYAQUIL S.A.,h20,0,svc_rbf,rbf,,"{'kernel': 'rbf', 'C': 1, 'gamma': 'scale', 'class_weight': 'balanced'}",120,30,0.9,0.9,0.0,0.0,0.0
BANCO GUAYAQUIL S.A.,h20,0,svc_poly,poly,,"{'kernel': 'poly', 'C': 1, 'degree': 2, 'gamma': 'scale', 'coef0': 0.0, 'class_weight': 'balanced'}",120,30,0.9666666666666667,0.9666666666666667,0.0,0.0,0.0
BANCO GUAYAQUIL S.A.,h20,1,baseline_majority,baseline,,,150,30,0.7666666666666667,0.7666666666666667,0.0,0.0,0.0
BANCO GUAYAQUIL S.A.,h20,1,baseline_sign_prev,baseline,,,150,30,0.5666666666666667,0.5666666666666667,0.125,0.14285714285714285,0.13333333333333333
BANCO GUAYAQUIL S.A.,h20,1,svc_linear,linear,,"{'kernel': 'linear', 'C': 1, 'class_weight': 'balanced'}",150,30,0.3,0.3,0.18181818181818182,0.5714285714285714,0.27586206896551724
BANCO GUAYAQUIL S.A.,h20,1,svc_rbf,rbf,,"{'kernel': 'rbf', 'C': 1, 'gamma': 'scale', 'class_weight': 'balanced'}",150,30,0.23333333333333334,0.23333333333333334,0.16666666666666666,0.5714285714285714,0.25806451612903225
BANCO GUAYAQUIL S.A.,h20,1,svc_poly,poly,,"{'kernel': 'poly', 'C': 1, 'degree': 2, 'gamma': 'scale', 'coef0': 0.0, 'class_weight': 'balanced'}",150,30,0.23333333333333334,0.23333333333333334,0.16666666666666666,0.5714285714285714,0.25806451612903225
BANCO GUAYAQUIL S.A.,h20,2,baseline_majority,baseline,,,180,30,0.3333333333333333,0.3333333333333333,0.0,0.0,0.0
BANCO GUAYAQUIL S.A.,h20,2,baseline_sign_prev,baseline,,,180,30,0.3333333333333333,0.3333333333333333,0.5,0.1,0.16666666666666666
BANCO GUAYAQUIL S.A.,h20,2,svc_linear,linear,,"{'kernel': 'linear', 'C': 1, 'class_weight': 'balanced'}",180,30,0.6666666666666666,0.6666666666666666,0.6666666666666666,1.0,0.8
BANCO GUAYAQUIL S.A.,h20,2,svc_rbf,rbf,,"{'kernel': 'rbf', 'C': 1, 'gamma': 'scale', 'class_weight': 'balanced'}",180,30,0.7333333333333333,0.7333333333333333,0.7307692307692307,0.95,0.8260869565217391
BANCO GUAYAQUIL S.A.,h20,2,svc_poly,poly,,"{'kernel': 'poly', 'C': 1, 'degree': 2, 'gamma': 'scale', 'coef0': 0.0, 'class_weight': 'balanced'}",180,30,0.7333333333333333,0.7333333333333333,0.7142857142857143,1.0,0.8333333333333334
BANCO GUAYAQUIL S.A.,h20,3,baseline_majority,baseline,,,210,30,0.36666666666666664,0.36666666666666664,0.0,0.0,0.0
BANCO GUAYAQUIL S.A.,h20,3,baseline_sign_prev,baseline,,,210,30,0.4,0.4,0.5384615384615384,0.3684210526315789,0.4375
BANCO GUAYAQUIL S.A.,h20,3,svc_linear,linear,,"{'kernel': 'linear', 'C': 1, 'class_weight': 'balanced'}",210,30,0.4,0.4,0.5294117647058824,0.47368421052631576,0.5
BANCO GUAYAQUIL S.A.,h20,3,svc_rbf,rbf,,"{'kernel': 'rbf', 'C': 1, 'gamma': 'scale', 'class_weight': 'balanced'}",210,30,0.43333333333333335,0.43333333333333335,0.6,0.3157894736842105,0.41379310344827586
BANCO GUAYAQUIL S.A.,h20,3,svc_poly,poly,,"{'kernel': 'poly', 'C': 1, 'degree': 2, 'gamma': 'scale', 'coef0': 0.0, 'class_weight': 'balanced'}",210,30,0.6,0.6,0.6666666666666666,0.7368421052631579,0.7
BANCO GUAYAQUIL S.A.,h20,4,baseline_majority,baseline,,,240,30,0.8666666666666667,0.8666666666666667,0.0,0.0,0.0
BANCO GUAYAQUIL S.A.,h20,4,baseline_sign_prev,baseline,,,240,30,0.6,0.6,0.1,0.25,0.14285714285714285
BANCO GUAYAQUIL S.A.,h20,4,svc_linear,linear,,"{'kernel': 'linear', 'C': 1, 'class_weight': 'balanced'}",240,30,0.6666666666666666,0.6666666666666666,0.25,0.75,0.375
BANCO GUAYAQUIL S.A.,h20,4,svc_rbf,rbf,,"{'kernel': 'rbf', 'C': 1, 'gamma': 'scale', 'class_weight': 'balanced'}",240,30,0.6666666666666666,0.6666666666666666,0.25,0.75,0.375
BANCO GUAYAQUIL S.A.,h20,4,svc_poly,poly,,"{'kernel': 'poly', 'C': 1, 'degree': 2, 'gamma': 'scale', 'coef0': 0.0, 'class_weight': 'balanced'}",240,30,0.7,0.7,0.14285714285714285,0.25,0.18181818181818182
BANCO GUAYAQUIL S.A.,h20,5,baseline_majority,baseline,,,270,30,0.8333333333333334,0.8333333333333334,0.0,0.0,0.0
BANCO GUAYAQUIL S.A.,h20,5,baseline_sign_prev,baseline,,,270,30,0.7,0.7,0.25,0.4,0.3076923076923077
BANCO GUAYAQUIL S.A.,h20,5,svc_linear,linear,,"{'kernel': 'linear', 'C': 1, 'class_weight': 'balanced'}",270,30,0.4,0.4,0.11764705882352941,0.4,0.18181818181818182
BANCO GUAYAQUIL S.A.,h20,5,svc_rbf,rbf,,"{'kernel': 'rbf', 'C': 1, 'gamma': 'scale', 'class_weight': 'balanced'}",270,30,0.3,0.3,0.19230769230769232,1.0,0.3225806451612903
BANCO GUAYAQUIL S.A.,h20,5,svc_poly,poly,,"{'kernel': 'poly', 'C': 1, 'degree': 2, 'gamma': 'scale', 'coef0': 0.0, 'class_weight': 'balanced'}",270,30,0.8,0.8,0.0,0.0,0.0
BANCO GUAYAQUIL S.A.,h20,6,baseline_majority,baseline,,,300,30,0.7333333333333333,0.7333333333333333,0.0,0.0,0.0
BANCO GUAYAQUIL S.A.,h20,6,baseline_sign_prev,baseline,,,300,30,0.5666666666666667,0.5666666666666667,0.14285714285714285,0.125,0.13333333333333333
BANCO GUAYAQUIL S.A.,h20,6,svc_linear,linear,,"{'kernel': 'linear', 'C': 1, 'class_weight': 'balanced'}",300,30,0.26666666666666666,0.26666666666666666,0.26666666666666666,1.0,0.42105263157894735
BANCO GUAYAQUIL S.A.,h20,6,svc_rbf,rbf,,"{'kernel': 'rbf', 'C': 1, 'gamma': 'scale', 'class_weight': 'balanced'}",300,30,0.26666666666666666,0.26666666666666666,0.26666666666666666,1.0,0.42105263157894735
BANCO GUAYAQUIL S.A.,h20,6,svc_poly,poly,,"{'kernel': 'poly', 'C': 1, 'degree': 2, 'gamma': 'scale', 'coef0': 0.0, 'class_weight': 'balanced'}",300,30,0.7333333333333333,0.7333333333333333,0.0,0.0,0.0
BANCO GUAYAQUIL S.A.,h20,7,baseline_majority,baseline,,,330,30,0.03333333333333333,0.03333333333333333,0.0,0.0,0.0
BANCO GUAYAQUIL S.A.,h20,7,baseline_sign_prev,baseline,,,330,30,0.5,0.5,1.0,0.4827586206896552,0.6511627906976745
BANCO GUAYAQUIL S.A.,h20,7,svc_linear,linear,,"{'kernel': 'linear', 'C': 1, 'class_weight': 'balanced'}",330,30,0.6333333333333333,0.6333333333333333,1.0,0.6206896551724138,0.7659574468085106
BANCO GUAYAQUIL S.A.,h20,7,svc_rbf,rbf,,"{'kernel': 'rbf', 'C': 1, 'gamma': 'scale', 'class_weight': 'balanced'}",330,30,0.43333333333333335,0.43333333333333335,0.9285714285714286,0.4482758620689655,0.6046511627906976
BANCO GUAYAQUIL S.A.,h20,7,svc_poly,poly,,"{'kernel': 'poly', 'C': 1, 'degree': 2, 'gamma': 'scale', 'coef0': 0.0, 'class_weight': 'balanced'}",330,30,0.23333333333333334,0.23333333333333334,1.0,0.20689655172413793,0.34285714285714286
BANCO GUAYAQUIL S.A.,h20,8,baseline_majority,baseline,,,360,30,0.36666666666666664,0.36666666666666664,0.0,0.0,0.0
BANCO GUAYAQUIL S.A.,h20,8,baseline_sign_prev,baseline,,,360,30,0.43333333333333335,0.43333333333333335,0.6,0.3157894736842105,0.41379310344827586
BANCO GUAYAQUIL S.A.,h20,8,svc_linear,linear,,"{'kernel': 'linear', 'C': 1, 'class_weight': 'balanced'}",360,30,0.36666666666666664,0.36666666666666664,0.0,0.0,0.0
BANCO GUAYAQUIL S.A.,h20,8,svc_rbf,rbf,,"{'kernel': 'rbf', 'C': 1, 'gamma': 'scale', 'class_weight': 'balanced'}",360,30,0.5333333333333333,0.5333333333333333,1.0,0.2631578947368421,0.4166666666666667
BANCO GUAYAQUIL S.A.,h20,8,svc_poly,poly,,"{'kernel': 'poly', 'C': 1, 'degree': 2, 'gamma': 'scale', 'coef0': 0.0, 'class_weight': 'balanced'}",360,30,0.36666666666666664,0.36666666666666664,0.0,0.0,0.0
BANCO GUAYAQUIL S.A.,h20,9,baseline_majority,baseline,,,390,30,0.3333333333333333,0.3333333333333333,0.0,0.0,0.0
BANCO GUAYAQUIL S.A.,h20,9,baseline_sign_prev,baseline,,,390,30,0.3,0.3,0.42857142857142855,0.15,0.2222222222222222
BANCO GUAYAQUIL S.A.,h20,9,svc_linear,linear,,"{'kernel': 'linear', 'C': 1, 'class_weight': 'balanced'}",390,30,0.3333333333333333,0.3333333333333333,0.0,0.0,0.0
BANCO GUAYAQUIL S.A.,h20,9,svc_rbf,rbf,,"{'kernel': 'rbf', 'C': 1, 'gamma': 'scale', 'class_weight': 'balanced'}",390,30,0.3,0.3,0.0,0.0,0.0
BANCO GUAYAQUIL S.A.,h20,9,svc_poly,poly,,"{'kernel': 'poly', 'C': 1, 'degree': 2, 'gamma': 'scale', 'coef0': 0.0, 'class_weight': 'balanced'}",390,30,0.3333333333333333,0.3333333333333333,0.0,0.0,0.0
BANCO GUAYAQUIL S.A.,h20,10,baseline_majority,baseline,,,420,30,0.5666666666666667,0.5666666666666667,0.0,0.0,0.0
BANCO GUAYAQUIL S.A.,h20,10,baseline_sign_prev,baseline,,,420,30,0.5666666666666667,0.5666666666666667,0.5,0.23076923076923078,0.3157894736842105
BANCO GUAYAQUIL S.A.,h20,10,svc_linear,linear,,"{'kernel': 'linear', 'C': 1, 'class_weight': 'balanced'}",420,30,0.5666666666666667,0.5666666666666667,0.5,0.07692307692307693,0.13333333333333333
BANCO GUAYAQUIL S.A.,h20,10,svc_rbf,rbf,,"{'kernel': 'rbf', 'C': 1, 'gamma': 'scale', 'class_weight': 'balanced'}",420,30,0.5666666666666667,0.5666666666666667,0.0,0.0,0.0
BANCO GUAYAQUIL S.A.,h20,10,svc_poly,poly,,"{'kernel': 'poly', 'C': 1, 'degree': 2, 'gamma': 'scale', 'coef0': 0.0, 'class_weight': 'balanced'}",420,30,0.5666666666666667,0.5666666666666667,0.0,0.0,0.0
BANCO GUAYAQUIL S.A.,h20,11,baseline_majority,baseline,,,450,30,0.8333333333333334,0.8333333333333334,0.0,0.0,0.0
BANCO GUAYAQUIL S.A.,h20,11,baseline_sign_prev,baseline,,,450,30,0.5666666666666667,0.5666666666666667,0.0,0.0,0.0
BANCO GUAYAQUIL S.A.,h20,11,svc_linear,linear,,"{'kernel': 'linear', 'C': 1, 'class_weight': 'balanced'}",450,30,0.8333333333333334,0.8333333333333334,0.0,0.0,0.0
BANCO GUAYAQUIL S.A.,h20,11,svc_rbf,rbf,,"{'kernel': 'rbf', 'C': 1, 'gamma': 'scale', 'class_weight': 'balanced'}",450,30,0.8333333333333334,0.8333333333333334,0.0,0.0,0.0
BANCO GUAYAQUIL S.A.,h20,11,svc_poly,poly,,"{'kernel': 'poly', 'C': 1, 'degree': 2, 'gamma': 'scale', 'coef0': 0.0, 'class_weight': 'balanced'}",450,30,0.8333333333333334,0.8333333333333334,0.0,0.0,0.0
BANCO GUAYAQUIL S.A.,h20,12,baseline_majority,baseline,,,480,30,1.0,1.0,0.0,0.0,0.0
BANCO GUAYAQUIL S.A.,h20,12,baseline_sign_prev,baseline,,,480,30,0.7,0.7,0.0,0.0,0.0
BANCO GUAYAQUIL S.A.,h20,12,svc_linear,linear,,"{'kernel': 'linear', 'C': 1, 'class_weight': 'balanced'}",480,30,1.0,1.0,0.0,0.0,0.0
BANCO GUAYAQUIL S.A.,h20,12,svc_rbf,rbf,,"{'kernel': 'rbf', 'C': 1, 'gamma': 'scale', 'class_weight': 'balanced'}",480,30,1.0,1.0,0.0,0.0,0.0
BANCO GUAYAQUIL S.A.,h20,12,svc_poly,poly,,"{'kernel': 'poly', 'C': 1, 'degree': 2, 'gamma': 'scale', 'coef0': 0.0, 'class_weight': 'balanced'}",480,30,1.0,1.0,0.0,0.0,0.0
BANCO GUAYAQUIL S.A.,h20,13,baseline_majority,baseline,,,510,30,0.06666666666666667,0.06666666666666667,0.0,0.0,0.0
BANCO GUAYAQUIL S.A.,h20,13,baseline_sign_prev,baseline,,,510,30,0.36666666666666664,0.36666666666666664,1.0,0.32142857142857145,0.4864864864864865
BANCO GUAYAQUIL S.A.,h20,13,svc_linear,linear,,"{'kernel': 'linear', 'C': 1, 'class_weight': 'balanced'}",510,30,0.06666666666666667,0.06666666666666667,0.0,0.0,0.0
BANCO GUAYAQUIL S.A.,h20,13,svc_rbf,rbf,,"{'kernel': 'rbf', 'C': 1, 'gamma': 'scale', 'class_weight': 'balanced'}",510,30,0.1,0.1,1.0,0.03571428571428571,0.06896551724137931
BANCO GUAYAQUIL S.A.,h20,13,svc_poly,poly,,"{'kernel': 'poly', 'C': 1, 'degree': 2, 'gamma': 'scale', 'coef0': 0.0, 'class_weight': 'balanced'}",510,30,0.06666666666666667,0.06666666666666667,0.0,0.0,0.0
BANCO GUAYAQUIL S.A.,h20,14,baseline_majority,baseline,,,540,30,0.9666666666666667,0.9666666666666667,0.0,0.0,0.0
BANCO GUAYAQUIL S.A.,h20,14,baseline_sign_prev,baseline,,,540,30,0.6333333333333333,0.6333333333333333,0.0,0.0,0.0
BANCO GUAYAQUIL S.A.,h20,14,svc_linear,linear,,"{'kernel': 'linear', 'C': 1, 'class_weight': 'balanced'}",540,30,0.9666666666666667,0.9666666666666667,0.0,0.0,0.0
BANCO GUAYAQUIL S.A.,h20,14,svc_rbf,rbf,,"{'kernel': 'rbf', 'C': 1, 'gamma': 'scale', 'class_weight': 'balanced'}",540,30,0.9,0.9,0.0,0.0,0.0
BANCO GUAYAQUIL S.A.,h20,14,svc_poly,poly,,"{'kernel': 'poly', 'C': 1, 'degree': 2, 'gamma': 'scale', 'coef0': 0.0, 'class_weight': 'balanced'}",540,30,0.9666666666666667,0.9666666666666667,0.0,0.0,0.0
BANCO GUAYAQUIL S.A.,h20,15,baseline_majority,baseline,,,570,30,0.9333333333333333,0.9333333333333333,0.0,0.0,0.0
BANCO GUAYAQUIL S.A.,h20,15,baseline_sign_prev,baseline,,,570,30,0.8333333333333334,0.8333333333333334,0.2857142857142857,1.0,0.4444444444444444
BANCO GUAYAQUIL S.A.,h20,15,svc_linear,linear,,"{'kernel': 'linear', 'C': 1, 'class_weight': 'balanced'}",570,30,0.6333333333333333,0.6333333333333333,0.0,0.0,0.0
BANCO GUAYAQUIL S.A.,h20,15,svc_rbf,rbf,,"{'kernel': 'rbf', 'C': 1, 'gamma': 'scale', 'class_weight': 'balanced'}",570,30,0.7,0.7,0.0,0.0,0.0
BANCO GUAYAQUIL S.A.,h20,15,svc_poly,poly,,"{'kernel': 'poly', 'C': 1, 'degree': 2, 'gamma': 'scale', 'coef0': 0.0, 'class_weight': 'balanced'}",570,30,0.9333333333333333,0.9333333333333333,0.0,0.0,0.0
BANCO GUAYAQUIL S.A.,h20,16,baseline_majority,baseline,,,600,30,0.7666666666666667,0.7666666666666667,0.0,0.0,0.0
BANCO GUAYAQUIL S.A.,h20,16,baseline_sign_prev,baseline,,,600,30,0.5,0.5,0.1,0.14285714285714285,0.11764705882352941
BANCO GUAYAQUIL S.A.,h20,16,svc_linear,linear,,"{'kernel': 'linear', 'C': 1, 'class_weight': 'balanced'}",600,30,0.43333333333333335,0.43333333333333335,0.2727272727272727,0.8571428571428571,0.41379310344827586
BANCO GUAYAQUIL S.A.,h20,16,svc_rbf,rbf,,"{'kernel': 'rbf', 'C': 1, 'gamma': 'scale', 'class_weight': 'balanced'}",600,30,0.5,0.5,0.1,0.14285714285714285,0.11764705882352941
BANCO GUAYAQUIL S.A.,h20,16,svc_poly,poly,,"{'kernel': 'poly', 'C': 1, 'degree': 2, 'gamma': 'scale', 'coef0': 0.0, 'class_weight': 'balanced'}",600,30,0.7666666666666667,0.7666666666666667,0.0,0.0,0.0
BANCO GUAYAQUIL S.A.,h20,17,baseline_majority,baseline,,,630,30,0.1,0.1,0.0,0.0,0.0
BANCO GUAYAQUIL S.A.,h20,17,baseline_sign_prev,baseline,,,630,30,0.4,0.4,0.9090909090909091,0.37037037037037035,0.5263157894736842
BANCO GUAYAQUIL S.A.,h20,17,svc_linear,linear,,"{'kernel': 'linear', 'C': 1, 'class_weight': 'balanced'}",630,30,0.8333333333333334,0.8333333333333334,0.8928571428571429,0.9259259259259259,0.9090909090909091
BANCO GUAYAQUIL S.A.,h20,17,svc_rbf,rbf,,"{'kernel': 'rbf', 'C': 1, 'gamma': 'scale', 'class_weight': 'balanced'}",630,30,0.5333333333333333,0.5333333333333333,1.0,0.48148148148148145,0.65
BANCO GUAYAQUIL S.A.,h20,17,svc_poly,poly,,"{'kernel': 'poly', 'C': 1, 'degree': 2, 'gamma': 'scale', 'coef0': 0.0, 'class_weight': 'balanced'}",630,30,0.1,0.1,0.0,0.0,0.0
BANCO GUAYAQUIL S.A.,h20,18,baseline_majority,baseline,,,660,30,0.7333333333333333,0.7333333333333333,0.0,0.0,0.0
BANCO GUAYAQUIL S.A.,h20,18,baseline_sign_prev,baseline,,,660,30,0.6333333333333333,0.6333333333333333,0.36363636363636365,0.5,0.42105263157894735
BANCO GUAYAQUIL S.A.,h20,18,svc_linear,linear,,"{'kernel': 'linear', 'C': 1, 'class_weight': 'balanced'}",660,30,0.5333333333333333,0.5333333333333333,0.2857142857142857,0.5,0.36363636363636365
BANCO GUAYAQUIL S.A.,h20,18,svc_rbf,rbf,,"{'kernel': 'rbf', 'C': 1, 'gamma': 'scale', 'class_weight': 'balanced'}",660,30,0.5,0.5,0.26666666666666666,0.5,0.34782608695652173
BANCO GUAYAQUIL S.A.,h20,18,svc_poly,poly,,"{'kernel': 'poly', 'C': 1, 'degree': 2, 'gamma': 'scale', 'coef0': 0.0, 'class_weight': 'balanced'}",660,30,0.7333333333333333,0.7333333333333333,0.0,0.0,0.0
BANCO GUAYAQUIL S.A.,h20,19,baseline_majority,baseline,,,690,30,0.03333333333333333,0.03333333333333333,0.0,0.0,0.0
BANCO GUAYAQUIL S.A.,h20,19,baseline_sign_prev,baseline,,,690,30,0.3333333333333333,0.3333333333333333,0.9090909090909091,0.3448275862068966,0.5
BANCO GUAYAQUIL S.A.,h20,19,svc_linear,linear,,"{'kernel': 'linear', 'C': 1, 'class_weight': 'balanced'}",690,30,0.06666666666666667,0.06666666666666667,1.0,0.034482758620689655,0.06666666666666667
BANCO GUAYAQUIL S.A.,h20,19,svc_rbf,rbf,,"{'kernel': 'rbf', 'C': 1, 'gamma': 'scale', 'class_weight': 'balanced'}",690,30,0.36666666666666664,0.36666666666666664,1.0,0.3448275862068966,0.5128205128205128
BANCO GUAYAQUIL S.A.,h20,19,svc_poly,poly,,"{'kernel': 'poly', 'C': 1, 'degree': 2, 'gamma': 'scale', 'coef0': 0.0, 'class_weight': 'balanced'}",690,30,0.03333333333333333,0.03333333333333333,0.0,0.0,0.0
BANCO GUAYAQUIL S.A.,h20,20,baseline_majority,baseline,,,720,30,0.7666666666666667,0.7666666666666667,0.0,0.0,0.0
BANCO GUAYAQUIL S.A.,h20,20,baseline_sign_prev,baseline,,,720,30,0.6333333333333333,0.6333333333333333,0.3,0.42857142857142855,0.35294117647058826
BANCO GUAYAQUIL S.A.,h20,20,svc_linear,linear,,"{'kernel': 'linear', 'C': 1, 'class_weight': 'balanced'}",720,30,0.7666666666666667,0.7666666666666667,0.0,0.0,0.0
BANCO GUAYAQUIL S.A.,h20,20,svc_rbf,rbf,,"{'kernel': 'rbf', 'C': 1, 'gamma': 'scale', 'class_weight': 'balanced'}",720,30,0.8,0.8,0.5555555555555556,0.7142857142857143,0.625
BANCO GUAYAQUIL S.A.,h20,20,svc_poly,poly,,"{'kernel': 'poly', 'C': 1, 'degree': 2, 'gamma': 'scale', 'coef0': 0.0, 'class_weight': 'balanced'}",720,30,0.7666666666666667,0.7666666666666667,0.0,0.0,0.0
BANCO GUAYAQUIL S.A.,h20,21,baseline_majority,baseline,,,750,30,0.6666666666666666,0.6666666666666666,0.0,0.0,0.0
BANCO GUAYAQUIL S.A.,h20,21,baseline_sign_prev,baseline,,,750,30,0.6333333333333333,0.6333333333333333,0.45454545454545453,0.5,0.47619047619047616
BANCO GUAYAQUIL S.A.,h20,21,svc_linear,linear,,"{'kernel': 'linear', 'C': 1, 'class_weight': 'balanced'}",750,30,0.43333333333333335,0.43333333333333335,0.18181818181818182,0.2,0.19047619047619047
BANCO GUAYAQUIL S.A.,h20,21,svc_rbf,rbf,,"{'kernel': 'rbf', 'C': 1, 'gamma': 'scale', 'class_weight': 'balanced'}",750,30,0.4666666666666667,0.4666666666666667,0.125,0.1,0.1111111111111111
BANCO GUAYAQUIL S.A.,h20,21,svc_poly,poly,,"{'kernel': 'poly', 'C': 1, 'degree': 2, 'gamma': 'scale', 'coef0': 0.0, 'class_weight': 'balanced'}",750,30,0.6666666666666666,0.6666666666666666,0.0,0.0,0.0
BANCO GUAYAQUIL S.A.,h20,22,baseline_majority,baseline,,,780,30,0.3333333333333333,0.3333333333333333,0.0,0.0,0.0
BANCO GUAYAQUIL S.A.,h20,22,baseline_sign_prev,baseline,,,780,30,0.4666666666666667,0.4666666666666667,0.6428571428571429,0.45,0.5294117647058824
BANCO GUAYAQUIL S.A.,h20,22,svc_linear,linear,,"{'kernel': 'linear', 'C': 1, 'class_weight': 'balanced'}",780,30,0.36666666666666664,0.36666666666666664,0.6,0.15,0.24
BANCO GUAYAQUIL S.A.,h20,22,svc_rbf,rbf,,"{'kernel': 'rbf', 'C': 1, 'gamma': 'scale', 'class_weight': 'balanced'}",780,30,0.3333333333333333,0.3333333333333333,0.5,0.15,0.23076923076923078
BANCO GUAYAQUIL S.A.,h20,22,svc_poly,poly,,"{'kernel': 'poly', 'C': 1, 'degree': 2, 'gamma': 'scale', 'coef0': 0.0, 'class_weight': 'balanced'}",780,30,0.3333333333333333,0.3333333333333333,0.0,0.0,0.0
BANCO GUAYAQUIL S.A.,h20,23,baseline_majority,baseline,,,810,30,0.3333333333333333,0.3333333333333333,0.0,0.0,0.0
BANCO GUAYAQUIL S.A.,h20,23,baseline_sign_prev,baseline,,,810,30,0.4,0.4,0.6,0.3,0.4
BANCO GUAYAQUIL S.A.,h20,23,svc_linear,linear,,"{'kernel': 'linear', 'C': 1, 'class_weight': 'balanced'}",810,30,0.3,0.3,0.0,0.0,0.0
BANCO GUAYAQUIL S.A.,h20,23,svc_rbf,rbf,,"{'kernel': 'rbf', 'C': 1, 'gamma': 'scale', 'class_weight': 'balanced'}",810,30,0.3333333333333333,0.3333333333333333,0.5,0.05,0.09090909090909091
BANCO GUAYAQUIL S.A.,h20,23,svc_poly,poly,,"{'kernel': 'poly', 'C': 1, 'degree': 2, 'gamma': 'scale', 'coef0': 0.0, 'class_weight': 'balanced'}",810,30,0.3333333333333333,0.3333333333333333,0.0,0.0,0.0
BANCO GUAYAQUIL S.A.,h20,24,baseline_majority,baseline,,,840,30,0.1,0.1,0.0,0.0,0.0
BANCO GUAYAQUIL S.A.,h20,24,baseline_sign_prev,baseline,,,840,30,0.3333333333333333,0.3333333333333333,0.8888888888888888,0.2962962962962963,0.4444444444444444
BANCO GUAYAQUIL S.A.,h20,24,svc_linear,linear,,"{'kernel': 'linear', 'C': 1, 'class_weight': 'balanced'}",840,30,0.23333333333333334,0.23333333333333334,0.8333333333333334,0.18518518518518517,0.30303030303030304
BANCO GUAYAQUIL S.A.,h20,24,svc_rbf,rbf,,"{'kernel': 'rbf', 'C': 1, 'gamma': 'scale', 'class_weight': 'balanced'}",840,30,0.43333333333333335,0.43333333333333335,0.8571428571428571,0.4444444444444444,0.5853658536585366
BANCO GUAYAQUIL S.A.,h20,24,svc_poly,poly,,"{'kernel': 'poly', 'C': 1, 'degree': 2, 'gamma': 'scale', 'coef0': 0.0, 'class_weight': 'balanced'}",840,30,0.1,0.1,0.0,0.0,0.0
BANCO GUAYAQUIL S.A.,h20,25,baseline_majority,baseline,,,870,30,0.06666666666666667,0.06666666666666667,0.0,0.0,0.0
BANCO GUAYAQUIL S.A.,h20,25,baseline_sign_prev,baseline,,,870,30,0.3,0.3,0.8181818181818182,0.32142857142857145,0.46153846153846156
BANCO GUAYAQUIL S.A.,h20,25,svc_linear,linear,,"{'kernel': 'linear', 'C': 1, 'class_weight': 'balanced'}",870,30,0.23333333333333334,0.23333333333333334,0.7777777777777778,0.25,0.3783783783783784
BANCO GUAYAQUIL S.A.,h20,25,svc_rbf,rbf,,"{'kernel': 'rbf', 'C': 1, 'gamma': 'scale', 'class_weight': 'balanced'}",870,30,0.5333333333333333,0.5333333333333333,0.8888888888888888,0.5714285714285714,0.6956521739130435
BANCO GUAYAQUIL S.A.,h20,25,svc_poly,poly,,"{'kernel': 'poly', 'C': 1, 'degree': 2, 'gamma': 'scale', 'coef0': 0.0, 'class_weight': 'balanced'}",870,30,0.06666666666666667,0.06666666666666667,0.0,0.0,0.0
BANCO GUAYAQUIL S.A.,h20,26,baseline_majority,baseline,,,900,30,0.8,0.8,0.0,0.0,0.0
BANCO GUAYAQUIL S.A.,h20,26,baseline_sign_prev,baseline,,,900,30,0.6,0.6,0.125,0.16666666666666666,0.14285714285714285
BANCO GUAYAQUIL S.A.,h20,26,svc_linear,linear,,"{'kernel': 'linear', 'C': 1, 'class_weight': 'balanced'}",900,30,0.9333333333333333,0.9333333333333333,1.0,0.6666666666666666,0.8
BANCO GUAYAQUIL S.A.,h20,26,svc_rbf,rbf,,"{'kernel': 'rbf', 'C': 1, 'gamma': 'scale', 'class_weight': 'balanced'}",900,30,0.6333333333333333,0.6333333333333333,0.3076923076923077,0.6666666666666666,0.42105263157894735
BANCO GUAYAQUIL S.A.,h20,26,svc_poly,poly,,"{'kernel': 'poly', 'C': 1, 'degree': 2, 'gamma': 'scale', 'coef0': 0.0, 'class_weight': 'balanced'}",900,30,0.8,0.8,0.0,0.0,0.0
BANCO GUAYAQUIL S.A.,h20,27,baseline_majority,baseline,,,930,30,0.3,0.3,0.0,0.0,0.0
BANCO GUAYAQUIL S.A.,h20,27,baseline_sign_prev,baseline,,,930,30,0.4666666666666667,0.4666666666666667,0.7777777777777778,0.3333333333333333,0.4666666666666667
BANCO GUAYAQUIL S.A.,h20,27,svc_linear,linear,,"{'kernel': 'linear', 'C': 1, 'class_weight': 'balanced'}",930,30,0.3333333333333333,0.3333333333333333,1.0,0.047619047619047616,0.09090909090909091
BANCO GUAYAQUIL S.A.,h20,27,svc_rbf,rbf,,"{'kernel': 'rbf', 'C': 1, 'gamma': 'scale', 'class_weight': 'balanced'}",930,30,0.4,0.4,1.0,0.14285714285714285,0.25
BANCO GUAYAQUIL S.A.,h20,27,svc_poly,poly,,"{'kernel': 'poly', 'C': 1, 'degree': 2, 'gamma': 'scale', 'coef0': 0.0, 'class_weight': 'balanced'}",930,30,0.3,0.3,0.0,0.0,0.0
BANCO GUAYAQUIL S.A.,h20,28,baseline_majority,baseline,,,960,30,0.0,0.0,0.0,0.0,0.0
BANCO GUAYAQUIL S.A.,h20,28,baseline_sign_prev,baseline,,,960,30,0.4666666666666667,0.4666666666666667,1.0,0.4666666666666667,0.6363636363636364
BANCO GUAYAQUIL S.A.,h20,28,svc_linear,linear,,"{'kernel': 'linear', 'C': 1, 'class_weight': 'balanced'}",960,30,0.0,0.0,0.0,0.0,0.0
BANCO GUAYAQUIL S.A.,h20,28,svc_rbf,rbf,,"{'kernel': 'rbf', 'C': 1, 'gamma': 'scale', 'class_weight': 'balanced'}",960,30,0.4666666666666667,0.4666666666666667,1.0,0.4666666666666667,0.6363636363636364
BANCO GUAYAQUIL S.A.,h20,28,svc_poly,poly,,"{'kernel': 'poly', 'C': 1, 'degree': 2, 'gamma': 'scale', 'coef0': 0.0, 'class_weight': 'balanced'}",960,30,0.0,0.0,0.0,0.0,0.0
BANCO GUAYAQUIL S.A.,h20,29,baseline_majority,baseline,,,990,30,0.0,0.0,0.0,0.0,0.0
BANCO GUAYAQUIL S.A.,h20,29,baseline_sign_prev,baseline,,,990,30,0.4666666666666667,0.4666666666666667,1.0,0.4666666666666667,0.6363636363636364
BANCO GUAYAQUIL S.A.,h20,29,svc_linear,linear,,"{'kernel': 'linear', 'C': 1, 'class_weight': 'balanced'}",990,30,0.4666666666666667,0.4666666666666667,1.0,0.4666666666666667,0.6363636363636364
BANCO GUAYAQUIL S.A.,h20,29,svc_rbf,rbf,,"{'kernel': 'rbf', 'C': 1, 'gamma': 'scale', 'class_weight': 'balanced'}",990,30,1.0,1.0,1.0,1.0,1.0
BANCO GUAYAQUIL S.A.,h20,29,svc_poly,poly,,"{'kernel': 'poly', 'C': 1, 'degree': 2, 'gamma': 'scale', 'coef0': 0.0, 'class_weight': 'balanced'}",990,30,0.0,0.0,0.0,0.0,0.0
BANCO GUAYAQUIL S.A.,h20,30,baseline_majority,baseline,,,1020,30,0.03333333333333333,0.03333333333333333,0.0,0.0,0.0
BANCO GUAYAQUIL S.A.,h20,30,baseline_sign_prev,baseline,,,1020,30,0.43333333333333335,0.43333333333333335,0.9285714285714286,0.4482758620689655,0.6046511627906976
BANCO GUAYAQUIL S.A.,h20,30,svc_linear,linear,,"{'kernel': 'linear', 'C': 1, 'class_weight': 'balanced'}",1020,30,0.9666666666666667,0.9666666666666667,0.9666666666666667,1.0,0.9830508474576272
BANCO GUAYAQUIL S.A.,h20,30,svc_rbf,rbf,,"{'kernel': 'rbf', 'C': 1, 'gamma': 'scale', 'class_weight': 'balanced'}",1020,30,0.9666666666666667,0.9666666666666667,0.9666666666666667,1.0,0.9830508474576272
BANCO GUAYAQUIL S.A.,h20,30,svc_poly,poly,,"{'kernel': 'poly', 'C': 1, 'degree': 2, 'gamma': 'scale', 'coef0': 0.0, 'class_weight': 'balanced'}",1020,30,0.03333333333333333,0.03333333333333333,0.0,0.0,0.0
BANCO GUAYAQUIL S.A.,h20,31,baseline_majority,baseline,,,1050,30,0.0,0.0,0.0,0.0,0.0
BANCO GUAYAQUIL S.A.,h20,31,baseline_sign_prev,baseline,,,1050,30,0.5,0.5,1.0,0.5,0.6666666666666666
BANCO GUAYAQUIL S.A.,h20,31,svc_linear,linear,,"{'kernel': 'linear', 'C': 1, 'class_weight': 'balanced'}",1050,30,1.0,1.0,1.0,1.0,1.0
BANCO GUAYAQUIL S.A.,h20,31,svc_rbf,rbf,,"{'kernel': 'rbf', 'C': 1, 'gamma': 'scale', 'class_weight': 'balanced'}",1050,30,1.0,1.0,1.0,1.0,1.0
BANCO GUAYAQUIL S.A.,h20,31,svc_poly,poly,,"{'kernel': 'poly', 'C': 1, 'degree': 2, 'gamma': 'scale', 'coef0': 0.0, 'class_weight': 'balanced'}",1050,30,0.0,0.0,0.0,0.0,0.0
BANCO GUAYAQUIL S.A.,h20,32,baseline_majority,baseline,,,1080,30,1.0,1.0,1.0,1.0,1.0
BANCO GUAYAQUIL S.A.,h20,32,baseline_sign_prev,baseline,,,1080,30,0.36666666666666664,0.36666666666666664,1.0,0.36666666666666664,0.5365853658536586
BANCO GUAYAQUIL S.A.,h20,32,svc_linear,linear,,"{'kernel': 'linear', 'C': 1, 'class_weight': 'balanced'}",1080,30,1.0,1.0,1.0,1.0,1.0
BANCO GUAYAQUIL S.A.,h20,32,svc_rbf,rbf,,"{'kernel': 'rbf', 'C': 1, 'gamma': 'scale', 'class_weight': 'balanced'}",1080,30,1.0,1.0,1.0,1.0,1.0
BANCO GUAYAQUIL S.A.,h20,32,svc_poly,poly,,"{'kernel': 'poly', 'C': 1, 'degree': 2, 'gamma': 'scale', 'coef0': 0.0, 'class_weight': 'balanced'}",1080,30,0.0,0.0,0.0,0.0,0.0
CORPORACION FAVORITA C.A.,h1,0,baseline_majority,baseline,,,120,30,0.6666666666666666,0.6666666666666666,0.0,0.0,0.0
CORPORACION FAVORITA C.A.,h1,0,baseline_sign_prev,baseline,,,120,30,0.5,0.5,0.2727272727272727,0.3,0.2857142857142857
CORPORACION FAVORITA C.A.,h1,0,svc_linear,linear,0.5229037267080745,"{'C': 10, 'class_weight': 'balanced', 'kernel': 'linear'}",120,30,0.5333333333333333,0.5333333333333333,0.35714285714285715,0.5,0.4166666666666667
CORPORACION FAVORITA C.A.,h1,0,svc_rbf,rbf,0.4047619047619047,"{'C': 50, 'class_weight': 'balanced', 'gamma': 0.01, 'kernel': 'rbf'}",120,30,0.5,0.5,0.2222222222222222,0.2,0.21052631578947367
CORPORACION FAVORITA C.A.,h1,0,svc_poly,poly,0.4382591093117409,"{'C': 10, 'class_weight': 'balanced', 'coef0': 0.0, 'degree': 2, 'gamma': 0.1, 'kernel': 'poly'}",120,30,0.3333333333333333,0.3333333333333333,0.1875,0.3,0.23076923076923078
CORPORACION FAVORITA C.A.,h1,1,baseline_majority,baseline,,,150,30,0.7,0.7,0.0,0.0,0.0
CORPORACION FAVORITA C.A.,h1,1,baseline_sign_prev,baseline,,,150,30,0.5333333333333333,0.5333333333333333,0.2222222222222222,0.2222222222222222,0.2222222222222222
CORPORACION FAVORITA C.A.,h1,1,svc_linear,linear,0.5229037267080745,"{'C': 10, 'class_weight': 'balanced', 'kernel': 'linear'}",150,30,0.6,0.6,0.2857142857142857,0.2222222222222222,0.25
CORPORACION FAVORITA C.A.,h1,1,svc_rbf,rbf,0.4047619047619047,"{'C': 50, 'class_weight': 'balanced', 'gamma': 0.01, 'kernel': 'rbf'}",150,30,0.6,0.6,0.3333333333333333,0.3333333333333333,0.3333333333333333
CORPORACION FAVORITA C.A.,h1,1,svc_poly,poly,0.4382591093117409,"{'C': 10, 'class_weight': 'balanced', 'coef0': 0.0, 'degree': 2, 'gamma': 0.1, 'kernel': 'poly'}",150,30,0.6,0.6,0.38461538461538464,0.5555555555555556,0.45454545454545453
CORPORACION FAVORITA C.A.,h1,2,baseline_majority,baseline,,,180,30,0.5666666666666667,0.5666666666666667,0.0,0.0,0.0
CORPORACION FAVORITA C.A.,h1,2,baseline_sign_prev,baseline,,,180,30,0.6333333333333333,0.6333333333333333,0.5833333333333334,0.5384615384615384,0.56
CORPORACION FAVORITA C.A.,h1,2,svc_linear,linear,0.5229037267080745,"{'C': 10, 'class_weight': 'balanced', 'kernel': 'linear'}",180,30,0.4666666666666667,0.4666666666666667,0.2857142857142857,0.15384615384615385,0.2
CORPORACION FAVORITA C.A.,h1,2,svc_rbf,rbf,0.4047619047619047,"{'C': 50, 'class_weight': 'balanced', 'gamma': 0.01, 'kernel': 'rbf'}",180,30,0.5333333333333333,0.5333333333333333,0.47058823529411764,0.6153846153846154,0.5333333333333333
CORPORACION FAVORITA C.A.,h1,2,svc_poly,poly,0.4382591093117409,"{'C': 10, 'class_weight': 'balanced', 'coef0': 0.0, 'degree': 2, 'gamma': 0.1, 'kernel': 'poly'}",180,30,0.4,0.4,0.3333333333333333,0.38461538461538464,0.35714285714285715
CORPORACION FAVORITA C.A.,h1,3,baseline_majority,baseline,,,210,30,0.8,0.8,0.0,0.0,0.0
CORPORACION FAVORITA C.A.,h1,3,baseline_sign_prev,baseline,,,210,30,0.7333333333333333,0.7333333333333333,0.3333333333333333,0.3333333333333333,0.3333333333333333
CORPORACION FAVORITA C.A.,h1,3,svc_linear,linear,0.5229037267080745,"{'C': 10, 'class_weight': 'balanced', 'kernel': 'linear'}",210,30,0.43333333333333335,0.43333333333333335,0.17647058823529413,0.5,0.2608695652173913
CORPORACION FAVORITA C.A.,h1,3,svc_rbf,rbf,0.4047619047619047,"{'C': 50, 'class_weight': 'balanced', 'gamma': 0.01, 'kernel': 'rbf'}",210,30,0.6,0.6,0.2,0.3333333333333333,0.25
CORPORACION FAVORITA C.A.,h1,3,svc_poly,poly,0.4382591093117409,"{'C': 10, 'class_weight': 'balanced', 'coef0': 0.0, 'degree': 2, 'gamma': 0.1, 'kernel': 'poly'}",210,30,0.5333333333333333,0.5333333333333333,0.21428571428571427,0.5,0.3
CORPORACION FAVORITA C.A.,h1,4,baseline_majority,baseline,,,240,30,0.8,0.8,0.0,0.0,0.0
CORPORACION FAVORITA C.A.,h1,4,baseline_sign_prev,baseline,,,240,30,0.6666666666666666,0.6666666666666666,0.16666666666666666,0.16666666666666666,0.16666666666666666
CORPORACION FAVORITA C.A.,h1,4,svc_linear,linear,0.5229037267080745,"{'C': 10, 'class_weight': 'balanced', 'kernel': 'linear'}",240,30,0.7333333333333333,0.7333333333333333,0.0,0.0,0.0
CORPORACION FAVORITA C.A.,h1,4,svc_rbf,rbf,0.4047619047619047,"{'C': 50, 'class_weight': 'balanced', 'gamma': 0.01, 'kernel': 'rbf'}",240,30,0.7333333333333333,0.7333333333333333,0.0,0.0,0.0
CORPORACION FAVORITA C.A.,h1,4,svc_poly,poly,0.4382591093117409,"{'C': 10, 'class_weight': 'balanced', 'coef0': 0.0, 'degree': 2, 'gamma': 0.1, 'kernel': 'poly'}",240,30,0.7333333333333333,0.7333333333333333,0.3333333333333333,0.3333333333333333,0.3333333333333333
CORPORACION FAVORITA C.A.,h1,5,baseline_majority,baseline,,,270,30,0.7,0.7,0.0,0.0,0.0
CORPORACION FAVORITA C.A.,h1,5,baseline_sign_prev,baseline,,,270,30,0.6333333333333333,0.6333333333333333,0.4,0.4444444444444444,0.42105263157894735
CORPORACION FAVORITA C.A.,h1,5,svc_linear,linear,0.5229037267080745,"{'C': 10, 'class_weight': 'balanced', 'kernel': 'linear'}",270,30,0.4,0.4,0.2631578947368421,0.5555555555555556,0.35714285714285715
CORPORACION FAVORITA C.A.,h1,5,svc_rbf,rbf,0.4047619047619047,"{'C': 50, 'class_weight': 'balanced', 'gamma': 0.01, 'kernel': 'rbf'}",270,30,0.5,0.5,0.3333333333333333,0.6666666666666666,0.4444444444444444
CORPORACION FAVORITA C.A.,h1,5,svc_poly,poly,0.4382591093117409,"{'C': 10, 'class_weight': 'balanced', 'coef0': 0.0, 'degree': 2, 'gamma': 0.1, 'kernel': 'poly'}",270,30,0.43333333333333335,0.43333333333333335,0.25,0.4444444444444444,0.32
CORPORACION FAVORITA C.A.,h1,6,baseline_majority,baseline,,,300,30,0.6333333333333333,0.6333333333333333,0.0,0.0,0.0
CORPORACION FAVORITA C.A.,h1,6,baseline_sign_prev,baseline,,,300,30,0.5666666666666667,0.5666666666666667,0.4,0.36363636363636365,0.38095238095238093
CORPORACION FAVORITA C.A.,h1,6,svc_linear,linear,0.5229037267080745,"{'C': 10, 'class_weight': 'balanced', 'kernel': 'linear'}",300,30,0.3333333333333333,0.3333333333333333,0.3333333333333333,0.8181818181818182,0.47368421052631576
CORPORACION FAVORITA C.A.,h1,6,svc_rbf,rbf,0.4047619047619047,"{'C': 50, 'class_weight': 'balanced', 'gamma': 0.01, 'kernel': 'rbf'}",300,30,0.5,0.5,0.3888888888888889,0.6363636363636364,0.4827586206896552
CORPORACION FAVORITA C.A.,h1,6,svc_poly,poly,0.4382591093117409,"{'C': 10, 'class_weight': 'balanced', 'coef0': 0.0, 'degree': 2, 'gamma': 0.1, 'kernel': 'poly'}",300,30,0.6,0.6,0.45454545454545453,0.45454545454545453,0.45454545454545453
CORPORACION FAVORITA C.A.,h1,7,baseline_majority,baseline,,,330,30,0.7333333333333333,0.7333333333333333,0.0,0.0,0.0
CORPORACION FAVORITA C.A.,h1,7,baseline_sign_prev,baseline,,,330,30,0.5,0.5,0.1111111111111111,0.125,0.11764705882352941
CORPORACION FAVORITA C.A.,h1,7,svc_linear,linear,0.5229037267080745,"{'C': 10, 'class_weight': 'balanced', 'kernel': 'linear'}",330,30,0.4666666666666667,0.4666666666666667,0.3,0.75,0.42857142857142855
CORPORACION FAVORITA C.A.,h1,7,svc_rbf,rbf,0.4047619047619047,"{'C': 50, 'class_weight': 'balanced', 'gamma': 0.01, 'kernel': 'rbf'}",330,30,0.6,0.6,0.3,0.375,0.3333333333333333
CORPORACION FAVORITA C.A.,h1,7,svc_poly,poly,0.4382591093117409,"{'C': 10, 'class_weight': 'balanced', 'coef0': 0.0, 'degree': 2, 'gamma': 0.1, 'kernel': 'poly'}",330,30,0.6333333333333333,0.6333333333333333,0.3333333333333333,0.375,0.35294117647058826
CORPORACION FAVORITA C.A.,h1,8,baseline_majority,baseline,,,360,30,0.7666666666666667,0.7666666666666667,0.0,0.0,0.0
CORPORACION FAVORITA C.A.,h1,8,baseline_sign_prev,baseline,,,360,30,0.7,0.7,0.3333333333333333,0.2857142857142857,0.3076923076923077
CORPORACION FAVORITA C.A.,h1,8,svc_linear,linear,0.5229037267080745,"{'C': 10, 'class_weight': 'balanced', 'kernel': 'linear'}",360,30,0.5,0.5,0.2777777777777778,0.7142857142857143,0.4
CORPORACION FAVORITA C.A.,h1,8,svc_rbf,rbf,0.4047619047619047,"{'C': 50, 'class_weight': 'balanced', 'gamma': 0.01, 'kernel': 'rbf'}",360,30,0.7,0.7,0.3333333333333333,0.2857142857142857,0.3076923076923077
CORPORACION FAVORITA C.A.,h1,8,svc_poly,poly,0.4382591093117409,"{'C': 10, 'class_weight': 'balanced', 'coef0': 0.0, 'degree': 2, 'gamma': 0.1, 'kernel': 'poly'}",360,30,0.6,0.6,0.3076923076923077,0.5714285714285714,0.4
CORPORACION FAVORITA C.A.,h1,9,baseline_majority,baseline,,,390,30,0.4666666666666667,0.4666666666666667,0.0,0.0,0.0
CORPORACION FAVORITA C.A.,h1,9,baseline_sign_prev,baseline,,,390,30,0.5333333333333333,0.5333333333333333,0.5625,0.5625,0.5625
CORPORACION FAVORITA C.A.,h1,9,svc_linear,linear,0.5229037267080745,"{'C': 10, 'class_weight': 'balanced', 'kernel': 'linear'}",390,30,0.5333333333333333,0.5333333333333333,0.5384615384615384,0.875,0.6666666666666666
CORPORACION FAVORITA C.A.,h1,9,svc_rbf,rbf,0.4047619047619047,"{'C': 50, 'class_weight': 'balanced', 'gamma': 0.01, 'kernel': 'rbf'}",390,30,0.4,0.4,0.4583333333333333,0.6875,0.55
CORPORACION FAVORITA C.A.,h1,9,svc_poly,poly,0.4382591093117409,"{'C': 10, 'class_weight': 'balanced', 'coef0': 0.0, 'degree': 2, 'gamma': 0.1, 'kernel': 'poly'}",390,30,0.4666666666666667,0.4666666666666667,0.5,0.25,0.3333333333333333
CORPORACION FAVORITA C.A.,h1,10,baseline_majority,baseline,,,420,30,0.6666666666666666,0.6666666666666666,0.0,0.0,0.0
CORPORACION FAVORITA C.A.,h1,10,baseline_sign_prev,baseline,,,420,30,0.5333333333333333,0.5333333333333333,0.3,0.3,0.3
CORPORACION FAVORITA C.A.,h1,10,svc_linear,linear,0.5229037267080745,"{'C': 10, 'class_weight': 'balanced', 'kernel': 'linear'}",420,30,0.36666666666666664,0.36666666666666664,0.32,0.8,0.45714285714285713
CORPORACION FAVORITA C.A.,h1,10,svc_rbf,rbf,0.4047619047619047,"{'C': 50, 'class_weight': 'balanced', 'gamma': 0.01, 'kernel': 'rbf'}",420,30,0.43333333333333335,0.43333333333333335,0.26666666666666666,0.4,0.32
CORPORACION FAVORITA C.A.,h1,10,svc_poly,poly,0.4382591093117409,"{'C': 10, 'class_weight': 'balanced', 'coef0': 0.0, 'degree': 2, 'gamma': 0.1, 'kernel': 'poly'}",420,30,0.43333333333333335,0.43333333333333335,0.23076923076923078,0.3,0.2608695652173913
CORPORACION FAVORITA C.A.,h1,11,baseline_majority,baseline,,,450,30,0.7,0.7,0.0,0.0,0.0
CORPORACION FAVORITA C.A.,h1,11,baseline_sign_prev,baseline,,,450,30,0.4,0.4,0.0,0.0,0.0
CORPORACION FAVORITA C.A.,h1,11,svc_linear,linear,0.5229037267080745,"{'C': 10, 'class_weight': 'balanced', 'kernel': 'linear'}",450,30,0.5333333333333333,0.5333333333333333,0.2727272727272727,0.3333333333333333,0.3
CORPORACION FAVORITA C.A.,h1,11,svc_rbf,rbf,0.4047619047619047,"{'C': 50, 'class_weight': 'balanced', 'gamma': 0.01, 'kernel': 'rbf'}",450,30,0.26666666666666666,0.26666666666666666,0.06666666666666667,0.1111111111111111,0.08333333333333333
CORPORACION FAVORITA C.A.,h1,11,svc_poly,poly,0.4382591093117409,"{'C': 10, 'class_weight': 'balanced', 'coef0': 0.0, 'degree': 2, 'gamma': 0.1, 'kernel': 'poly'}",450,30,0.5,0.5,0.125,0.1111111111111111,0.11764705882352941
CORPORACION FAVORITA C.A.,h1,12,baseline_majority,baseline,,,480,30,0.7666666666666667,0.7666666666666667,0.0,0.0,0.0
CORPORACION FAVORITA C.A.,h1,12,baseline_sign_prev,baseline,,,480,30,0.5,0.5,0.0,0.0,0.0
CORPORACION FAVORITA C.A.,h1,12,svc_linear,linear,0.5229037267080745,"{'C': 10, 'class_weight': 'balanced', 'kernel': 'linear'}",480,30,0.7333333333333333,0.7333333333333333,0.0,0.0,0.0
CORPORACION FAVORITA C.A.,h1,12,svc_rbf,rbf,0.4047619047619047,"{'C': 50, 'class_weight': 'balanced', 'gamma': 0.01, 'kernel': 'rbf'}",480,30,0.6333333333333333,0.6333333333333333,0.3,0.42857142857142855,0.35294117647058826
CORPORACION FAVORITA C.A.,h1,12,svc_poly,poly,0.4382591093117409,"{'C': 10, 'class_weight': 'balanced', 'coef0': 0.0, 'degree': 2, 'gamma': 0.1, 'kernel': 'poly'}",480,30,0.5666666666666667,0.5666666666666667,0.2,0.2857142857142857,0.23529411764705882
CORPORACION FAVORITA C.A.,h1,13,baseline_majority,baseline,,,510,30,0.5333333333333333,0.5333333333333333,0.0,0.0,0.0
CORPORACION FAVORITA C.A.,h1,13,baseline_sign_prev,baseline,,,510,30,0.7333333333333333,0.7333333333333333,0.7142857142857143,0.7142857142857143,0.7142857142857143
CORPORACION FAVORITA C.A.,h1,13,svc_linear,linear,0.5229037267080745,"{'C': 10, 'class_weight': 'balanced', 'kernel': 'linear'}",510,30,0.6,0.6,0.5454545454545454,0.8571428571428571,0.6666666666666666
CORPORACION FAVORITA C.A.,h1,13,svc_rbf,rbf,0.4047619047619047,"{'C': 50, 'class_weight': 'balanced', 'gamma': 0.01, 'kernel': 'rbf'}",510,30,0.5666666666666667,0.5666666666666667,0.5454545454545454,0.42857142857142855,0.48
CORPORACION FAVORITA C.A.,h1,13,svc_poly,poly,0.4382591093117409,"{'C': 10, 'class_weight': 'balanced', 'coef0': 0.0, 'degree': 2, 'gamma': 0.1, 'kernel': 'poly'}",510,30,0.36666666666666664,0.36666666666666664,0.3333333333333333,0.35714285714285715,0.3448275862068966
CORPORACION FAVORITA C.A.,h1,14,baseline_majority,baseline,,,540,30,0.6,0.6,0.0,0.0,0.0
CORPORACION FAVORITA C.A.,h1,14,baseline_sign_prev,baseline,,,540,30,0.6,0.6,0.5,0.4166666666666667,0.45454545454545453
CORPORACION FAVORITA C.A.,h1,14,svc_linear,linear,0.5229037267080745,"{'C': 10, 'class_weight': 'balanced', 'kernel': 'linear'}",540,30,0.6333333333333333,0.6333333333333333,0.5333333333333333,0.6666666666666666,0.5925925925925926
CORPORACION FAVORITA C.A.,h1,14,svc_rbf,rbf,0.4047619047619047,"{'C': 50, 'class_weight': 'balanced', 'gamma': 0.01, 'kernel': 'rbf'}",540,30,0.4666666666666667,0.4666666666666667,0.375,0.5,0.42857142857142855
CORPORACION FAVORITA C.A.,h1,14,svc_poly,poly,0.4382591093117409,"{'C': 10, 'class_weight': 'balanced', 'coef0': 0.0, 'degree': 2, 'gamma': 0.1, 'kernel': 'poly'}",540,30,0.4666666666666667,0.4666666666666667,0.3,0.25,0.2727272727272727
CORPORACION FAVORITA C.A.,h1,15,baseline_majority,baseline,,,570,30,0.5333333333333333,0.5333333333333333,0.0,0.0,0.0
CORPORACION FAVORITA C.A.,h1,15,baseline_sign_prev,baseline,,,570,30,0.5333333333333333,0.5333333333333333,0.5,0.5,0.5
CORPORACION FAVORITA C.A.,h1,15,svc_linear,linear,0.5229037267080745,"{'C': 10, 'class_weight': 'balanced', 'kernel': 'linear'}",570,30,0.4666666666666667,0.4666666666666667,0.4583333333333333,0.7857142857142857,0.5789473684210527
CORPORACION FAVORITA C.A.,h1,15,svc_rbf,rbf,0.4047619047619047,"{'C': 50, 'class_weight': 'balanced', 'gamma': 0.01, 'kernel': 'rbf'}",570,30,0.6333333333333333,0.6333333333333333,0.6,0.6428571428571429,0.6206896551724138
CORPORACION FAVORITA C.A.,h1,15,svc_poly,poly,0.4382591093117409,"{'C': 10, 'class_weight': 'balanced', 'coef0': 0.0, 'degree': 2, 'gamma': 0.1, 'kernel': 'poly'}",570,30,0.43333333333333335,0.43333333333333335,0.4,0.42857142857142855,0.41379310344827586
CORPORACION FAVORITA C.A.,h1,16,baseline_majority,baseline,,,600,30,0.7666666666666667,0.7666666666666667,0.0,0.0,0.0
CORPORACION FAVORITA C.A.,h1,16,baseline_sign_prev,baseline,,,600,30,0.6333333333333333,0.6333333333333333,0.25,0.2857142857142857,0.26666666666666666
CORPORACION FAVORITA C.A.,h1,16,svc_linear,linear,0.5229037267080745,"{'C': 10, 'class_weight': 'balanced', 'kernel': 'linear'}",600,30,0.4666666666666667,0.4666666666666667,0.23529411764705882,0.5714285714285714,0.3333333333333333
CORPORACION FAVORITA C.A.,h1,16,svc_rbf,rbf,0.4047619047619047,"{'C': 50, 'class_weight': 'balanced', 'gamma': 0.01, 'kernel': 'rbf'}",600,30,0.4,0.4,0.2608695652173913,0.8571428571428571,0.4
CORPORACION FAVORITA C.A.,h1,16,svc_poly,poly,0.4382591093117409,"{'C': 10, 'class_weight': 'balanced', 'coef0': 0.0, 'degree': 2, 'gamma': 0.1, 'kernel': 'poly'}",600,30,0.5333333333333333,0.5333333333333333,0.26666666666666666,0.5714285714285714,0.36363636363636365
CORPORACION FAVORITA C.A.,h1,17,baseline_majority,baseline,,,630,30,0.6,0.6,0.0,0.0,0.0
CORPORACION FAVORITA C.A.,h1,17,baseline_sign_prev,baseline,,,630,30,0.6,0.6,0.5,0.5,0.5
CORPORACION FAVORITA C.A.,h1,17,svc_linear,linear,0.5229037267080745,"{'C': 10, 'class_weight': 'balanced', 'kernel': 'linear'}",630,30,0.43333333333333335,0.43333333333333335,0.4,0.8333333333333334,0.5405405405405406
CORPORACION FAVORITA C.A.,h1,17,svc_rbf,rbf,0.4047619047619047,"{'C': 50, 'class_weight': 'balanced', 'gamma': 0.01, 'kernel': 'rbf'}",630,30,0.4,0.4,0.36363636363636365,0.6666666666666666,0.47058823529411764
CORPORACION FAVORITA C.A.,h1,17,svc_poly,poly,0.4382591093117409,"{'C': 10, 'class_weight': 'balanced', 'coef0': 0.0, 'degree': 2, 'gamma': 0.1, 'kernel': 'poly'}",630,30,0.26666666666666666,0.26666666666666666,0.1875,0.25,0.21428571428571427
CORPORACION FAVORITA C.A.,h1,18,baseline_majority,baseline,,,660,30,0.5,0.5,0.0,0.0,0.0
CORPORACION FAVORITA C.A.,h1,18,baseline_sign_prev,baseline,,,660,30,0.36666666666666664,0.36666666666666664,0.375,0.4,0.3870967741935484
CORPORACION FAVORITA C.A.,h1,18,svc_linear,linear,0.5229037267080745,"{'C': 10, 'class_weight': 'balanced', 'kernel': 'linear'}",660,30,0.5333333333333333,0.5333333333333333,0.5185185185185185,0.9333333333333333,0.6666666666666666
CORPORACION FAVORITA C.A.,h1,18,svc_rbf,rbf,0.4047619047619047,"{'C': 50, 'class_weight': 'balanced', 'gamma': 0.01, 'kernel': 'rbf'}",660,30,0.5333333333333333,0.5333333333333333,0.5217391304347826,0.8,0.631578947368421
CORPORACION FAVORITA C.A.,h1,18,svc_poly,poly,0.4382591093117409,"{'C': 10, 'class_weight': 'balanced', 'coef0': 0.0, 'degree': 2, 'gamma': 0.1, 'kernel': 'poly'}",660,30,0.43333333333333335,0.43333333333333335,0.4166666666666667,0.3333333333333333,0.37037037037037035
CORPORACION FAVORITA C.A.,h1,19,baseline_majority,baseline,,,690,30,0.6666666666666666,0.6666666666666666,0.0,0.0,0.0
CORPORACION FAVORITA C.A.,h1,19,baseline_sign_prev,baseline,,,690,30,0.5666666666666667,0.5666666666666667,0.3333333333333333,0.3,0.3157894736842105
CORPORACION FAVORITA C.A.,h1,19,svc_linear,linear,0.5229037267080745,"{'C': 10, 'class_weight': 'balanced', 'kernel': 'linear'}",690,30,0.3333333333333333,0.3333333333333333,0.25,0.5,0.3333333333333333
CORPORACION FAVORITA C.A.,h1,19,svc_rbf,rbf,0.4047619047619047,"{'C': 50, 'class_weight': 'balanced', 'gamma': 0.01, 'kernel': 'rbf'}",690,30,0.3,0.3,0.2608695652173913,0.6,0.36363636363636365
CORPORACION FAVORITA C.A.,h1,19,svc_poly,poly,0.4382591093117409,"{'C': 10, 'class_weight': 'balanced', 'coef0': 0.0, 'degree': 2, 'gamma': 0.1, 'kernel': 'poly'}",690,30,0.5,0.5,0.3684210526315789,0.7,0.4827586206896552
CORPORACION FAVORITA C.A.,h1,20,baseline_majority,baseline,,,720,30,0.7,0.7,0.0,0.0,0.0
CORPORACION FAVORITA C.A.,h1,20,baseline_sign_prev,baseline,,,720,30,0.6,0.6,0.3333333333333333,0.3333333333333333,0.3333333333333333
CORPORACION FAVORITA C.A.,h1,20,svc_linear,linear,0.5229037267080745,"{'C': 10, 'class_weight': 'balanced', 'kernel': 'linear'}",720,30,0.4666666666666667,0.4666666666666667,0.29411764705882354,0.5555555555555556,0.38461538461538464
CORPORACION FAVORITA C.A.,h1,20,svc_rbf,rbf,0.4047619047619047,"{'C': 50, 'class_weight': 'balanced', 'gamma': 0.01, 'kernel': 'rbf'}",720,30,0.5666666666666667,0.5666666666666667,0.35714285714285715,0.5555555555555556,0.43478260869565216
CORPORACION FAVORITA C.A.,h1,20,svc_poly,poly,0.4382591093117409,"{'C': 10, 'class_weight': 'balanced', 'coef0': 0.0, 'degree': 2, 'gamma': 0.1, 'kernel': 'poly'}",720,30,0.6666666666666666,0.6666666666666666,0.47058823529411764,0.8888888888888888,0.6153846153846154
CORPORACION FAVORITA C.A.,h1,21,baseline_majority,baseline,,,750,30,0.6,0.6,0.0,0.0,0.0
CORPORACION FAVORITA C.A.,h1,21,baseline_sign_prev,baseline,,,750,30,0.4666666666666667,0.4666666666666667,0.3333333333333333,0.3333333333333333,0.3333333333333333
CORPORACION FAVORITA C.A.,h1,21,svc_linear,linear,0.5229037267080745,"{'C': 10, 'class_weight': 'balanced', 'kernel': 'linear'}",750,30,0.4666666666666667,0.4666666666666667,0.3888888888888889,0.5833333333333334,0.4666666666666667
CORPORACION FAVORITA C.A.,h1,21,svc_rbf,rbf,0.4047619047619047,"{'C': 50, 'class_weight': 'balanced', 'gamma': 0.01, 'kernel': 'rbf'}",750,30,0.5666666666666667,0.5666666666666667,0.46153846153846156,0.5,0.48
CORPORACION FAVORITA C.A.,h1,21,svc_poly,poly,0.4382591093117409,"{'C': 10, 'class_weight': 'balanced', 'coef0': 0.0, 'degree': 2, 'gamma': 0.1, 'kernel': 'poly'}",750,30,0.6333333333333333,0.6333333333333333,0.5454545454545454,0.5,0.5217391304347826
CORPORACION FAVORITA C.A.,h1,22,baseline_majority,baseline,,,780,30,0.7333333333333333,0.7333333333333333,0.0,0.0,0.0
CORPORACION FAVORITA C.A.,h1,22,baseline_sign_prev,baseline,,,780,30,0.7333333333333333,0.7333333333333333,0.5,0.5,0.5
CORPORACION FAVORITA C.A.,h1,22,svc_linear,linear,0.5229037267080745,"{'C': 10, 'class_weight': 'balanced', 'kernel': 'linear'}",780,30,0.36666666666666664,0.36666666666666664,0.21052631578947367,0.5,0.2962962962962963
CORPORACION FAVORITA C.A.,h1,22,svc_rbf,rbf,0.4047619047619047,"{'C': 50, 'class_weight': 'balanced', 'gamma': 0.01, 'kernel': 'rbf'}",780,30,0.4666666666666667,0.4666666666666667,0.2777777777777778,0.625,0.38461538461538464
CORPORACION FAVORITA C.A.,h1,22,svc_poly,poly,0.4382591093117409,"{'C': 10, 'class_weight': 'balanced', 'coef0': 0.0, 'degree': 2, 'gamma': 0.1, 'kernel': 'poly'}",780,30,0.7,0.7,0.46153846153846156,0.75,0.5714285714285714
CORPORACION FAVORITA C.A.,h1,23,baseline_majority,baseline,,,810,30,0.7333333333333333,0.7333333333333333,0.0,0.0,0.0
CORPORACION FAVORITA C.A.,h1,23,baseline_sign_prev,baseline,,,810,30,0.5666666666666667,0.5666666666666667,0.2222222222222222,0.25,0.23529411764705882
CORPORACION FAVORITA C.A.,h1,23,svc_linear,linear,0.5229037267080745,"{'C': 10, 'class_weight': 'balanced', 'kernel': 'linear'}",810,30,0.4666666666666667,0.4666666666666667,0.3333333333333333,1.0,0.5
CORPORACION FAVORITA C.A.,h1,23,svc_rbf,rbf,0.4047619047619047,"{'C': 50, 'class_weight': 'balanced', 'gamma': 0.01, 'kernel': 'rbf'}",810,30,0.36666666666666664,0.36666666666666664,0.28,0.875,0.42424242424242425
CORPORACION FAVORITA C.A.,h1,23,svc_poly,poly,0.4382591093117409,"{'C': 10, 'class_weight': 'balanced', 'coef0': 0.0, 'degree': 2, 'gamma': 0.1, 'kernel': 'poly'}",810,30,0.5666666666666667,0.5666666666666667,0.3684210526315789,0.875,0.5185185185185185
CORPORACION FAVORITA C.A.,h1,24,baseline_majority,baseline,,,840,30,0.7666666666666667,0.7666666666666667,0.0,0.0,0.0
CORPORACION FAVORITA C.A.,h1,24,baseline_sign_prev,baseline,,,840,30,0.7333333333333333,0.7333333333333333,0.42857142857142855,0.42857142857142855,0.42857142857142855
CORPORACION FAVORITA C.A.,h1,24,svc_linear,linear,0.5229037267080745,"{'C': 10, 'class_weight': 'balanced', 'kernel': 'linear'}",840,30,0.6333333333333333,0.6333333333333333,0.3,0.42857142857142855,0.35294117647058826
CORPORACION FAVORITA C.A.,h1,24,svc_rbf,rbf,0.4047619047619047,"{'C': 50, 'class_weight': 'balanced', 'gamma': 0.01, 'kernel': 'rbf'}",840,30,0.5333333333333333,0.5333333333333333,0.3157894736842105,0.8571428571428571,0.46153846153846156
CORPORACION FAVORITA C.A.,h1,24,svc_poly,poly,0.4382591093117409,"{'C': 10, 'class_weight': 'balanced', 'coef0': 0.0, 'degree': 2, 'gamma': 0.1, 'kernel': 'poly'}",840,30,0.6666666666666666,0.6666666666666666,0.36363636363636365,0.5714285714285714,0.4444444444444444
CORPORACION FAVORITA C.A.,h1,25,baseline_majority,baseline,,,870,30,0.8,0.8,0.0,0.0,0.0
CORPORACION FAVORITA C.A.,h1,25,baseline_sign_prev,baseline,,,870,30,0.7,0.7,0.2,0.16666666666666666,0.18181818181818182
CORPORACION FAVORITA C.A.,h1,25,svc_linear,linear,0.5229037267080745,"{'C': 10, 'class_weight': 'balanced', 'kernel': 'linear'}",870,30,0.6666666666666666,0.6666666666666666,0.16666666666666666,0.16666666666666666,0.16666666666666666
CORPORACION FAVORITA C.A.,h1,25,svc_rbf,rbf,0.4047619047619047,"{'C': 50, 'class_weight': 'balanced', 'gamma': 0.01, 'kernel': 'rbf'}",870,30,0.7333333333333333,0.7333333333333333,0.25,0.16666666666666666,0.2
CORPORACION FAVORITA C.A.,h1,25,svc_poly,poly,0.4382591093117409,"{'C': 10, 'class_weight': 'balanced', 'coef0': 0.0, 'degree': 2, 'gamma': 0.1, 'kernel': 'poly'}",870,30,0.6,0.6,0.25,0.5,0.3333333333333333
CORPORACION FAVORITA C.A.,h1,26,baseline_majority,baseline,,,900,30,0.6333333333333333,0.6333333333333333,0.0,0.0,0.0
CORPORACION FAVORITA C.A.,h1,26,baseline_sign_prev,baseline,,,900,30,0.5333333333333333,0.5333333333333333,0.36363636363636365,0.36363636363636365,0.36363636363636365
CORPORACION FAVORITA C.A.,h1,26,svc_linear,linear,0.5229037267080745,"{'C': 10, 'class_weight': 'balanced', 'kernel': 'linear'}",900,30,0.4,0.4,0.26666666666666666,0.36363636363636365,0.3076923076923077
CORPORACION FAVORITA C.A.,h1,26,svc_rbf,rbf,0.4047619047619047,"{'C': 50, 'class_weight': 'balanced', 'gamma': 0.01, 'kernel': 'rbf'}",900,30,0.5,0.5,0.35714285714285715,0.45454545454545453,0.4
CORPORACION FAVORITA C.A.,h1,26,svc_poly,poly,0.4382591093117409,"{'C': 10, 'class_weight': 'balanced', 'coef0': 0.0, 'degree': 2, 'gamma': 0.1, 'kernel': 'poly'}",900,30,0.5333333333333333,0.5333333333333333,0.3333333333333333,0.2727272727272727,0.3
CORPORACION FAVORITA C.A.,h1,27,baseline_majority,baseline,,,930,30,0.7,0.7,0.0,0.0,0.0
CORPORACION FAVORITA C.A.,h1,27,baseline_sign_prev,baseline,,,930,30,0.6666666666666666,0.6666666666666666,0.4444444444444444,0.4444444444444444,0.4444444444444444
CORPORACION FAVORITA C.A.,h1,27,svc_linear,linear,0.5229037267080745,"{'C': 10, 'class_weight': 'balanced', 'kernel': 'linear'}",930,30,0.5,0.5,0.2,0.2222222222222222,0.21052631578947367
CORPORACION FAVORITA C.A.,h1,27,svc_rbf,rbf,0.4047619047619047,"{'C': 50, 'class_weight': 'balanced', 'gamma': 0.01, 'kernel': 'rbf'}",930,30,0.5666666666666667,0.5666666666666667,0.25,0.2222222222222222,0.23529411764705882
CORPORACION FAVORITA C.A.,h1,27,svc_poly,poly,0.4382591093117409,"{'C': 10, 'class_weight': 'balanced', 'coef0': 0.0, 'degree': 2, 'gamma': 0.1, 'kernel': 'poly'}",930,30,0.5666666666666667,0.5666666666666667,0.16666666666666666,0.1111111111111111,0.13333333333333333
CORPORACION FAVORITA C.A.,h1,28,baseline_majority,baseline,,,960,30,0.7333333333333333,0.7333333333333333,0.0,0.0,0.0
CORPORACION FAVORITA C.A.,h1,28,baseline_sign_prev,baseline,,,960,30,0.6333333333333333,0.6333333333333333,0.3333333333333333,0.375,0.35294117647058826
CORPORACION FAVORITA C.A.,h1,28,svc_linear,linear,0.5229037267080745,"{'C': 10, 'class_weight': 'balanced', 'kernel': 'linear'}",960,30,0.4666666666666667,0.4666666666666667,0.21428571428571427,0.375,0.2727272727272727
CORPORACION FAVORITA C.A.,h1,28,svc_rbf,rbf,0.4047619047619047,"{'C': 50, 'class_weight': 'balanced', 'gamma': 0.01, 'kernel': 'rbf'}",960,30,0.6333333333333333,0.6333333333333333,0.36363636363636365,0.5,0.42105263157894735
CORPORACION FAVORITA C.A.,h1,28,svc_poly,poly,0.4382591093117409,"{'C': 10, 'class_weight': 'balanced', 'coef0': 0.0, 'degree': 2, 'gamma': 0.1, 'kernel': 'poly'}",960,30,0.6666666666666666,0.6666666666666666,0.375,0.375,0.375
CORPORACION FAVORITA C.A.,h1,29,baseline_majority,baseline,,,990,30,0.6666666666666666,0.6666666666666666,0.0,0.0,0.0
CORPORACION FAVORITA C.A.,h1,29,baseline_sign_prev,baseline,,,990,30,0.6,0.6,0.4,0.4,0.4
CORPORACION FAVORITA C.A.,h1,29,svc_linear,linear,0.5229037267080745,"{'C': 10, 'class_weight': 'balanced', 'kernel': 'linear'}",990,30,0.5,0.5,0.38095238095238093,0.8,0.5161290322580645
CORPORACION FAVORITA C.A.,h1,29,svc_rbf,rbf,0.4047619047619047,"{'C': 50, 'class_weight': 'balanced', 'gamma': 0.01, 'kernel': 'rbf'}",990,30,0.5333333333333333,0.5333333333333333,0.3333333333333333,0.4,0.36363636363636365
CORPORACION FAVORITA C.A.,h1,29,svc_poly,poly,0.4382591093117409,"{'C': 10, 'class_weight': 'balanced', 'coef0': 0.0, 'degree': 2, 'gamma': 0.1, 'kernel': 'poly'}",990,30,0.5666666666666667,0.5666666666666667,0.36363636363636365,0.4,0.38095238095238093
CORPORACION FAVORITA C.A.,h1,30,baseline_majority,baseline,,,1020,30,0.6333333333333333,0.6333333333333333,0.0,0.0,0.0
CORPORACION FAVORITA C.A.,h1,30,baseline_sign_prev,baseline,,,1020,30,0.5333333333333333,0.5333333333333333,0.36363636363636365,0.36363636363636365,0.36363636363636365
CORPORACION FAVORITA C.A.,h1,30,svc_linear,linear,0.5229037267080745,"{'C': 10, 'class_weight': 'balanced', 'kernel': 'linear'}",1020,30,0.3333333333333333,0.3333333333333333,0.2857142857142857,0.5454545454545454,0.375
CORPORACION FAVORITA C.A.,h1,30,svc_rbf,rbf,0.4047619047619047,"{'C': 50, 'class_weight': 'balanced', 'gamma': 0.01, 'kernel': 'rbf'}",1020,30,0.5666666666666667,0.5666666666666667,0.4,0.36363636363636365,0.38095238095238093
CORPORACION FAVORITA C.A.,h1,30,svc_poly,poly,0.4382591093117409,"{'C': 10, 'class_weight': 'balanced', 'coef0': 0.0, 'degree': 2, 'gamma': 0.1, 'kernel': 'poly'}",1020,30,0.43333333333333335,0.43333333333333335,0.2,0.18181818181818182,0.19047619047619047
CORPORACION FAVORITA C.A.,h1,31,baseline_majority,baseline,,,1050,30,0.6666666666666666,0.6666666666666666,0.0,0.0,0.0
CORPORACION FAVORITA C.A.,h1,31,baseline_sign_prev,baseline,,,1050,30,0.5666666666666667,0.5666666666666667,0.3333333333333333,0.3,0.3157894736842105
CORPORACION FAVORITA C.A.,h1,31,svc_linear,linear,0.5229037267080745,"{'C': 10, 'class_weight': 'balanced', 'kernel': 'linear'}",1050,30,0.5333333333333333,0.5333333333333333,0.4,0.8,0.5333333333333333
CORPORACION FAVORITA C.A.,h1,31,svc_rbf,rbf,0.4047619047619047,"{'C': 50, 'class_weight': 'balanced', 'gamma': 0.01, 'kernel': 'rbf'}",1050,30,0.6333333333333333,0.6333333333333333,0.4444444444444444,0.4,0.42105263157894735
CORPORACION FAVORITA C.A.,h1,31,svc_poly,poly,0.4382591093117409,"{'C': 10, 'class_weight': 'balanced', 'coef0': 0.0, 'degree': 2, 'gamma': 0.1, 'kernel': 'poly'}",1050,30,0.6333333333333333,0.6333333333333333,0.45454545454545453,0.5,0.47619047619047616
CORPORACION FAVORITA C.A.,h1,32,baseline_majority,baseline,,,1080,30,0.7333333333333333,0.7333333333333333,0.0,0.0,0.0
CORPORACION FAVORITA C.A.,h1,32,baseline_sign_prev,baseline,,,1080,30,0.5333333333333333,0.5333333333333333,0.125,0.125,0.125
CORPORACION FAVORITA C.A.,h1,32,svc_linear,linear,0.5229037267080745,"{'C': 10, 'class_weight': 'balanced', 'kernel': 'linear'}",1080,30,0.5666666666666667,0.5666666666666667,0.0,0.0,0.0
CORPORACION FAVORITA C.A.,h1,32,svc_rbf,rbf,0.4047619047619047,"{'C': 50, 'class_weight': 'balanced', 'gamma': 0.01, 'kernel': 'rbf'}",1080,30,0.5666666666666667,0.5666666666666667,0.14285714285714285,0.125,0.13333333333333333
CORPORACION FAVORITA C.A.,h1,32,svc_poly,poly,0.4382591093117409,"{'C': 10, 'class_weight': 'balanced', 'coef0': 0.0, 'degree': 2, 'gamma': 0.1, 'kernel': 'poly'}",1080,30,0.6,0.6,0.375,0.75,0.5
CORPORACION FAVORITA C.A.,h1,33,baseline_majority,baseline,,,1110,30,0.6,0.6,0.0,0.0,0.0
CORPORACION FAVORITA C.A.,h1,33,baseline_sign_prev,baseline,,,1110,30,0.4,0.4,0.25,0.25,0.25
CORPORACION FAVORITA C.A.,h1,33,svc_linear,linear,0.5229037267080745,"{'C': 10, 'class_weight': 'balanced', 'kernel': 'linear'}",1110,30,0.3,0.3,0.30434782608695654,0.5833333333333334,0.4
CORPORACION FAVORITA C.A.,h1,33,svc_rbf,rbf,0.4047619047619047,"{'C': 50, 'class_weight': 'balanced', 'gamma': 0.01, 'kernel': 'rbf'}",1110,30,0.4666666666666667,0.4666666666666667,0.3,0.25,0.2727272727272727
CORPORACION FAVORITA C.A.,h1,33,svc_poly,poly,0.4382591093117409,"{'C': 10, 'class_weight': 'balanced', 'coef0': 0.0, 'degree': 2, 'gamma': 0.1, 'kernel': 'poly'}",1110,30,0.4666666666666667,0.4666666666666667,0.3,0.25,0.2727272727272727
CORPORACION FAVORITA C.A.,h1,34,baseline_majority,baseline,,,1140,30,0.6,0.6,0.0,0.0,0.0
CORPORACION FAVORITA C.A.,h1,34,baseline_sign_prev,baseline,,,1140,30,0.6,0.6,0.5,0.5,0.5
CORPORACION FAVORITA C.A.,h1,34,svc_linear,linear,0.5229037267080745,"{'C': 10, 'class_weight': 'balanced', 'kernel': 'linear'}",1140,30,0.4,0.4,0.3125,0.4166666666666667,0.35714285714285715
CORPORACION FAVORITA C.A.,h1,34,svc_rbf,rbf,0.4047619047619047,"{'C': 50, 'class_weight': 'balanced', 'gamma': 0.01, 'kernel': 'rbf'}",1140,30,0.4,0.4,0.2857142857142857,0.3333333333333333,0.3076923076923077
CORPORACION FAVORITA C.A.,h1,34,svc_poly,poly,0.4382591093117409,"{'C': 10, 'class_weight': 'balanced', 'coef0': 0.0, 'degree': 2, 'gamma': 0.1, 'kernel': 'poly'}",1140,30,0.43333333333333335,0.43333333333333335,0.3333333333333333,0.4166666666666667,0.37037037037037035
CORPORACION FAVORITA C.A.,h1,35,baseline_majority,baseline,,,1170,30,0.6666666666666666,0.6666666666666666,0.0,0.0,0.0
CORPORACION FAVORITA C.A.,h1,35,baseline_sign_prev,baseline,,,1170,30,0.5333333333333333,0.5333333333333333,0.3,0.3,0.3
CORPORACION FAVORITA C.A.,h1,35,svc_linear,linear,0.5229037267080745,"{'C': 10, 'class_weight': 'balanced', 'kernel': 'linear'}",1170,30,0.5666666666666667,0.5666666666666667,0.2857142857142857,0.2,0.23529411764705882
CORPORACION FAVORITA C.A.,h1,35,svc_rbf,rbf,0.4047619047619047,"{'C': 50, 'class_weight': 'balanced', 'gamma': 0.01, 'kernel': 'rbf'}",1170,30,0.6666666666666666,0.6666666666666666,0.5,0.8,0.6153846153846154
CORPORACION FAVORITA C.A.,h1,35,svc_poly,poly,0.4382591093117409,"{'C': 10, 'class_weight': 'balanced', 'coef0': 0.0, 'degree': 2, 'gamma': 0.1, 'kernel': 'poly'}",1170,30,0.4666666666666667,0.4666666666666667,0.36363636363636365,0.8,0.5
CORPORACION FAVORITA C.A.,h1,36,baseline_majority,baseline,,,1200,30,0.8,0.8,0.0,0.0,0.0
CORPORACION FAVORITA C.A.,h1,36,baseline_sign_prev,baseline,,,1200,30,0.6666666666666666,0.6666666666666666,0.16666666666666666,0.16666666666666666,0.16666666666666666
CORPORACION FAVORITA C.A.,h1,36,svc_linear,linear,0.5229037267080745,"{'C': 10, 'class_weight': 'balanced', 'kernel': 'linear'}",1200,30,0.6333333333333333,0.6333333333333333,0.2222222222222222,0.3333333333333333,0.26666666666666666
CORPORACION FAVORITA C.A.,h1,36,svc_rbf,rbf,0.4047619047619047,"{'C': 50, 'class_weight': 'balanced', 'gamma': 0.01, 'kernel': 'rbf'}",1200,30,0.43333333333333335,0.43333333333333335,0.13333333333333333,0.3333333333333333,0.19047619047619047
CORPORACION FAVORITA C.A.,h1,36,svc_poly,poly,0.4382591093117409,"{'C': 10, 'class_weight': 'balanced', 'coef0': 0.0, 'degree': 2, 'gamma': 0.1, 'kernel': 'poly'}",1200,30,0.2,0.2,0.125,0.5,0.2
CORPORACION FAVORITA C.A.,h1,37,baseline_majority,baseline,,,1230,30,0.5666666666666667,0.5666666666666667,0.0,0.0,0.0
CORPORACION FAVORITA C.A.,h1,37,baseline_sign_prev,baseline,,,1230,30,0.36666666666666664,0.36666666666666664,0.2857142857142857,0.3076923076923077,0.2962962962962963
CORPORACION FAVORITA C.A.,h1,37,svc_linear,linear,0.5229037267080745,"{'C': 10, 'class_weight': 'balanced', 'kernel': 'linear'}",1230,30,0.5666666666666667,0.5666666666666667,0.5,0.6923076923076923,0.5806451612903226
CORPORACION FAVORITA C.A.,h1,37,svc_rbf,rbf,0.4047619047619047,"{'C': 50, 'class_weight': 'balanced', 'gamma': 0.01, 'kernel': 'rbf'}",1230,30,0.5,0.5,0.42857142857142855,0.46153846153846156,0.4444444444444444
CORPORACION FAVORITA C.A.,h1,37,svc_poly,poly,0.4382591093117409,"{'C': 10, 'class_weight': 'balanced', 'coef0': 0.0, 'degree': 2, 'gamma': 0.1, 'kernel': 'poly'}",1230,30,0.4666666666666667,0.4666666666666667,0.36363636363636365,0.3076923076923077,0.3333333333333333
CORPORACION FAVORITA C.A.,h1,38,baseline_majority,baseline,,,1260,30,0.6,0.6,0.0,0.0,0.0
CORPORACION FAVORITA C.A.,h1,38,baseline_sign_prev,baseline,,,1260,30,0.36666666666666664,0.36666666666666664,0.18181818181818182,0.16666666666666666,0.17391304347826086
CORPORACION FAVORITA C.A.,h1,38,svc_linear,linear,0.5229037267080745,"{'C': 10, 'class_weight': 'balanced', 'kernel': 'linear'}",1260,30,0.4666666666666667,0.4666666666666667,0.4,0.6666666666666666,0.5
CORPORACION FAVORITA C.A.,h1,38,svc_rbf,rbf,0.4047619047619047,"{'C': 50, 'class_weight': 'balanced', 'gamma': 0.01, 'kernel': 'rbf'}",1260,30,0.43333333333333335,0.43333333333333335,0.2727272727272727,0.25,0.2608695652173913
CORPORACION FAVORITA C.A.,h1,38,svc_poly,poly,0.4382591093117409,"{'C': 10, 'class_weight': 'balanced', 'coef0': 0.0, 'degree': 2, 'gamma': 0.1, 'kernel': 'poly'}",1260,30,0.5666666666666667,0.5666666666666667,0.47368421052631576,0.75,0.5806451612903226
CORPORACION FAVORITA C.A.,h1,39,baseline_majority,baseline,,,1290,30,0.5666666666666667,0.5666666666666667,0.0,0.0,0.0
CORPORACION FAVORITA C.A.,h1,39,baseline_sign_prev,baseline,,,1290,30,0.6333333333333333,0.6333333333333333,0.5714285714285714,0.6153846153846154,0.5925925925925926
CORPORACION FAVORITA C.A.,h1,39,svc_linear,linear,0.5229037267080745,"{'C': 10, 'class_weight': 'balanced', 'kernel': 'linear'}",1290,30,0.7,0.7,0.7,0.5384615384615384,0.6086956521739131
CORPORACION FAVORITA C.A.,h1,39,svc_rbf,rbf,0.4047619047619047,"{'C': 50, 'class_weight': 'balanced', 'gamma': 0.01, 'kernel': 'rbf'}",1290,30,0.43333333333333335,0.43333333333333335,0.3333333333333333,0.3076923076923077,0.32
CORPORACION FAVORITA C.A.,h1,39,svc_poly,poly,0.4382591093117409,"{'C': 10, 'class_weight': 'balanced', 'coef0': 0.0, 'degree': 2, 'gamma': 0.1, 'kernel': 'poly'}",1290,30,0.4666666666666667,0.4666666666666667,0.36363636363636365,0.3076923076923077,0.3333333333333333
CORPORACION FAVORITA C.A.,h1,40,baseline_majority,baseline,,,1320,30,0.7666666666666667,0.7666666666666667,0.0,0.0,0.0
CORPORACION FAVORITA C.A.,h1,40,baseline_sign_prev,baseline,,,1320,30,0.6666666666666666,0.6666666666666666,0.2857142857142857,0.2857142857142857,0.2857142857142857
CORPORACION FAVORITA C.A.,h1,40,svc_linear,linear,0.5229037267080745,"{'C': 10, 'class_weight': 'balanced', 'kernel': 'linear'}",1320,30,0.6666666666666666,0.6666666666666666,0.36363636363636365,0.5714285714285714,0.4444444444444444
CORPORACION FAVORITA C.A.,h1,40,svc_rbf,rbf,0.4047619047619047,"{'C': 50, 'class_weight': 'balanced', 'gamma': 0.01, 'kernel': 'rbf'}",1320,30,0.6666666666666666,0.6666666666666666,0.3333333333333333,0.42857142857142855,0.375
CORPORACION FAVORITA C.A.,h1,40,svc_poly,poly,0.4382591093117409,"{'C': 10, 'class_weight': 'balanced', 'coef0': 0.0, 'degree': 2, 'gamma': 0.1, 'kernel': 'poly'}",1320,30,0.5666666666666667,0.5666666666666667,0.3125,0.7142857142857143,0.43478260869565216
CORPORACION FAVORITA C.A.,h1,41,baseline_majority,baseline,,,1350,30,0.8333333333333334,0.8333333333333334,0.0,0.0,0.0
CORPORACION FAVORITA C.A.,h1,41,baseline_sign_prev,baseline,,,1350,30,0.7333333333333333,0.7333333333333333,0.2,0.2,0.2
CORPORACION FAVORITA C.A.,h1,41,svc_linear,linear,0.5229037267080745,"{'C': 10, 'class_weight': 'balanced', 'kernel': 'linear'}",1350,30,0.5666666666666667,0.5666666666666667,0.21428571428571427,0.6,0.3157894736842105
CORPORACION FAVORITA C.A.,h1,41,svc_rbf,rbf,0.4047619047619047,"{'C': 50, 'class_weight': 'balanced', 'gamma': 0.01, 'kernel': 'rbf'}",1350,30,0.6666666666666666,0.6666666666666666,0.2222222222222222,0.4,0.2857142857142857
CORPORACION FAVORITA C.A.,h1,41,svc_poly,poly,0.4382591093117409,"{'C': 10, 'class_weight': 'balanced', 'coef0': 0.0, 'degree': 2, 'gamma': 0.1, 'kernel': 'poly'}",1350,30,0.5666666666666667,0.5666666666666667,0.25,0.8,0.38095238095238093
CORPORACION FAVORITA C.A.,h1,42,baseline_majority,baseline,,,1380,30,0.6,0.6,0.0,0.0,0.0
CORPORACION FAVORITA C.A.,h1,42,baseline_sign_prev,baseline,,,1380,30,0.3333333333333333,0.3333333333333333,0.16666666666666666,0.16666666666666666,0.16666666666666666
CORPORACION FAVORITA C.A.,h1,42,svc_linear,linear,0.5229037267080745,"{'C': 10, 'class_weight': 'balanced', 'kernel': 'linear'}",1380,30,0.43333333333333335,0.43333333333333335,0.2727272727272727,0.25,0.2608695652173913
CORPORACION FAVORITA C.A.,h1,42,svc_rbf,rbf,0.4047619047619047,"{'C': 50, 'class_weight': 'balanced', 'gamma': 0.01, 'kernel': 'rbf'}",1380,30,0.4666666666666667,0.4666666666666667,0.3333333333333333,0.3333333333333333,0.3333333333333333
CORPORACION FAVORITA C.A.,h1,42,svc_poly,poly,0.4382591093117409,"{'C': 10, 'class_weight': 'balanced', 'coef0': 0.0, 'degree': 2, 'gamma': 0.1, 'kernel': 'poly'}",1380,30,0.6,0.6,0.5,0.5833333333333334,0.5384615384615384
CORPORACION FAVORITA C.A.,h1,43,baseline_majority,baseline,,,1410,30,0.6666666666666666,0.6666666666666666,0.0,0.0,0.0
CORPORACION FAVORITA C.A.,h1,43,baseline_sign_prev,baseline,,,1410,30,0.4666666666666667,0.4666666666666667,0.2,0.2,0.2
CORPORACION FAVORITA C.A.,h1,43,svc_linear,linear,0.5229037267080745,"{'C': 10, 'class_weight': 'balanced', 'kernel': 'linear'}",1410,30,0.5333333333333333,0.5333333333333333,0.25,0.2,0.2222222222222222
CORPORACION FAVORITA C.A.,h1,43,svc_rbf,rbf,0.4047619047619047,"{'C': 50, 'class_weight': 'balanced', 'gamma': 0.01, 'kernel': 'rbf'}",1410,30,0.6,0.6,0.375,0.3,0.3333333333333333
CORPORACION FAVORITA C.A.,h1,43,svc_poly,poly,0.4382591093117409,"{'C': 10, 'class_weight': 'balanced', 'coef0': 0.0, 'degree': 2, 'gamma': 0.1, 'kernel': 'poly'}",1410,30,0.5,0.5,0.3076923076923077,0.4,0.34782608695652173
CORPORACION FAVORITA C.A.,h1,44,baseline_majority,baseline,,,1440,30,0.6666666666666666,0.6666666666666666,0.0,0.0,0.0
CORPORACION FAVORITA C.A.,h1,44,baseline_sign_prev,baseline,,,1440,30,0.43333333333333335,0.43333333333333335,0.1111111111111111,0.1,0.10526315789473684
CORPORACION FAVORITA C.A.,h1,44,svc_linear,linear,0.5229037267080745,"{'C': 10, 'class_weight': 'balanced', 'kernel': 'linear'}",1440,30,0.4666666666666667,0.4666666666666667,0.35,0.7,0.4666666666666667
CORPORACION FAVORITA C.A.,h1,44,svc_rbf,rbf,0.4047619047619047,"{'C': 50, 'class_weight': 'balanced', 'gamma': 0.01, 'kernel': 'rbf'}",1440,30,0.6,0.6,0.42857142857142855,0.6,0.5
CORPORACION FAVORITA C.A.,h1,44,svc_poly,poly,0.4382591093117409,"{'C': 10, 'class_weight': 'balanced', 'coef0': 0.0, 'degree': 2, 'gamma': 0.1, 'kernel': 'poly'}",1440,30,0.6666666666666666,0.6666666666666666,0.5,0.8,0.6153846153846154
CORPORACION FAVORITA C.A.,h1,45,baseline_majority,baseline,,,1470,30,0.6666666666666666,0.6666666666666666,0.0,0.0,0.0
CORPORACION FAVORITA C.A.,h1,45,baseline_sign_prev,baseline,,,1470,30,0.36666666666666664,0.36666666666666664,0.09090909090909091,0.1,0.09523809523809523
CORPORACION FAVORITA C.A.,h1,45,svc_linear,linear,0.5229037267080745,"{'C': 10, 'class_weight': 'balanced', 'kernel': 'linear'}",1470,30,0.5,0.5,0.38095238095238093,0.8,0.5161290322580645
CORPORACION FAVORITA C.A.,h1,45,svc_rbf,rbf,0.4047619047619047,"{'C': 50, 'class_weight': 'balanced', 'gamma': 0.01, 'kernel': 'rbf'}",1470,30,0.6333333333333333,0.6333333333333333,0.45454545454545453,0.5,0.47619047619047616
CORPORACION FAVORITA C.A.,h1,45,svc_poly,poly,0.4382591093117409,"{'C': 10, 'class_weight': 'balanced', 'coef0': 0.0, 'degree': 2, 'gamma': 0.1, 'kernel': 'poly'}",1470,30,0.6333333333333333,0.6333333333333333,0.4666666666666667,0.7,0.56
CORPORACION FAVORITA C.A.,h1,46,baseline_majority,baseline,,,1500,30,0.9,0.9,0.0,0.0,0.0
CORPORACION FAVORITA C.A.,h1,46,baseline_sign_prev,baseline,,,1500,30,0.8333333333333334,0.8333333333333334,0.0,0.0,0.0
CORPORACION FAVORITA C.A.,h1,46,svc_linear,linear,0.5229037267080745,"{'C': 10, 'class_weight': 'balanced', 'kernel': 'linear'}",1500,30,0.43333333333333335,0.43333333333333335,0.0,0.0,0.0
CORPORACION FAVORITA C.A.,h1,46,svc_rbf,rbf,0.4047619047619047,"{'C': 50, 'class_weight': 'balanced', 'gamma': 0.01, 'kernel': 'rbf'}",1500,30,0.26666666666666666,0.26666666666666666,0.047619047619047616,0.3333333333333333,0.08333333333333333
CORPORACION FAVORITA C.A.,h1,46,svc_poly,poly,0.4382591093117409,"{'C': 10, 'class_weight': 'balanced', 'coef0': 0.0, 'degree': 2, 'gamma': 0.1, 'kernel': 'poly'}",1500,30,0.4,0.4,0.10526315789473684,0.6666666666666666,0.18181818181818182
CORPORACION FAVORITA C.A.,h1,47,baseline_majority,baseline,,,1530,30,0.7333333333333333,0.7333333333333333,0.0,0.0,0.0
CORPORACION FAVORITA C.A.,h1,47,baseline_sign_prev,baseline,,,1530,30,0.5,0.5,0.1111111111111111,0.125,0.11764705882352941
CORPORACION FAVORITA C.A.,h1,47,svc_linear,linear,0.5229037267080745,"{'C': 10, 'class_weight': 'balanced', 'kernel': 'linear'}",1530,30,0.43333333333333335,0.43333333333333335,0.2857142857142857,0.75,0.41379310344827586
CORPORACION FAVORITA C.A.,h1,47,svc_rbf,rbf,0.4047619047619047,"{'C': 50, 'class_weight': 'balanced', 'gamma': 0.01, 'kernel': 'rbf'}",1530,30,0.5666666666666667,0.5666666666666667,0.14285714285714285,0.125,0.13333333333333333
CORPORACION FAVORITA C.A.,h1,47,svc_poly,poly,0.4382591093117409,"{'C': 10, 'class_weight': 'balanced', 'coef0': 0.0, 'degree': 2, 'gamma': 0.1, 'kernel': 'poly'}",1530,30,0.5333333333333333,0.5333333333333333,0.2,0.25,0.2222222222222222
CORPORACION FAVORITA C.A.,h1,48,baseline_majority,baseline,,,1560,30,0.9,0.9,0.0,0.0,0.0
CORPORACION FAVORITA C.A.,h1,48,baseline_sign_prev,baseline,,,1560,30,0.8,0.8,0.0,0.0,0.0
CORPORACION FAVORITA C.A.,h1,48,svc_linear,linear,0.5229037267080745,"{'C': 10, 'class_weight': 'balanced', 'kernel': 'linear'}",1560,30,0.26666666666666666,0.26666666666666666,0.12,1.0,0.21428571428571427
CORPORACION FAVORITA C.A.,h1,48,svc_rbf,rbf,0.4047619047619047,"{'C': 50, 'class_weight': 'balanced', 'gamma': 0.01, 'kernel': 'rbf'}",1560,30,0.7333333333333333,0.7333333333333333,0.14285714285714285,0.3333333333333333,0.2
CORPORACION FAVORITA C.A.,h1,48,svc_poly,poly,0.4382591093117409,"{'C': 10, 'class_weight': 'balanced', 'coef0': 0.0, 'degree': 2, 'gamma': 0.1, 'kernel': 'poly'}",1560,30,0.5666666666666667,0.5666666666666667,0.14285714285714285,0.6666666666666666,0.23529411764705882
CORPORACION FAVORITA C.A.,h1,49,baseline_majority,baseline,,,1590,30,0.7333333333333333,0.7333333333333333,0.0,0.0,0.0
CORPORACION FAVORITA C.A.,h1,49,baseline_sign_prev,baseline,,,1590,30,0.6,0.6,0.25,0.25,0.25
CORPORACION FAVORITA C.A.,h1,49,svc_linear,linear,0.5229037267080745,"{'C': 10, 'class_weight': 'balanced', 'kernel': 'linear'}",1590,30,0.5,0.5,0.18181818181818182,0.25,0.21052631578947367
CORPORACION FAVORITA C.A.,h1,49,svc_rbf,rbf,0.4047619047619047,"{'C': 50, 'class_weight': 'balanced', 'gamma': 0.01, 'kernel': 'rbf'}",1590,30,0.7,0.7,0.0,0.0,0.0
CORPORACION FAVORITA C.A.,h1,49,svc_poly,poly,0.4382591093117409,"{'C': 10, 'class_weight': 'balanced', 'coef0': 0.0, 'degree': 2, 'gamma': 0.1, 'kernel': 'poly'}",1590,30,0.7,0.7,0.3333333333333333,0.125,0.18181818181818182
CORPORACION FAVORITA C.A.,h1,50,baseline_majority,baseline,,,1620,30,0.8,0.8,0.0,0.0,0.0
CORPORACION FAVORITA C.A.,h1,50,baseline_sign_prev,baseline,,,1620,30,0.7333333333333333,0.7333333333333333,0.3333333333333333,0.3333333333333333,0.3333333333333333
CORPORACION FAVORITA C.A.,h1,50,svc_linear,linear,0.5229037267080745,"{'C': 10, 'class_weight': 'balanced', 'kernel': 'linear'}",1620,30,0.6,0.6,0.2857142857142857,0.6666666666666666,0.4
CORPORACION FAVORITA C.A.,h1,50,svc_rbf,rbf,0.4047619047619047,"{'C': 50, 'class_weight': 'balanced', 'gamma': 0.01, 'kernel': 'rbf'}",1620,30,0.6666666666666666,0.6666666666666666,0.25,0.3333333333333333,0.2857142857142857
CORPORACION FAVORITA C.A.,h1,50,svc_poly,poly,0.4382591093117409,"{'C': 10, 'class_weight': 'balanced', 'coef0': 0.0, 'degree': 2, 'gamma': 0.1, 'kernel': 'poly'}",1620,30,0.6,0.6,0.2,0.3333333333333333,0.25
CORPORACION FAVORITA C.A.,h1,51,baseline_majority,baseline,,,1650,30,0.6666666666666666,0.6666666666666666,0.0,0.0,0.0
CORPORACION FAVORITA C.A.,h1,51,baseline_sign_prev,baseline,,,1650,30,0.43333333333333335,0.43333333333333335,0.1111111111111111,0.1,0.10526315789473684
CORPORACION FAVORITA C.A.,h1,51,svc_linear,linear,0.5229037267080745,"{'C': 10, 'class_weight': 'balanced', 'kernel': 'linear'}",1650,30,0.6666666666666666,0.6666666666666666,0.5,0.7,0.5833333333333334
CORPORACION FAVORITA C.A.,h1,51,svc_rbf,rbf,0.4047619047619047,"{'C': 50, 'class_weight': 'balanced', 'gamma': 0.01, 'kernel': 'rbf'}",1650,30,0.6,0.6,0.375,0.3,0.3333333333333333
CORPORACION FAVORITA C.A.,h1,51,svc_poly,poly,0.4382591093117409,"{'C': 10, 'class_weight': 'balanced', 'coef0': 0.0, 'degree': 2, 'gamma': 0.1, 'kernel': 'poly'}",1650,30,0.5,0.5,0.2727272727272727,0.3,0.2857142857142857
CORPORACION FAVORITA C.A.,h5,0,baseline_majority,baseline,,,120,30,0.5666666666666667,0.5666666666666667,0.0,0.0,0.0
CORPORACION FAVORITA C.A.,h5,0,baseline_sign_prev,baseline,,,120,30,0.5333333333333333,0.5333333333333333,0.45454545454545453,0.38461538461538464,0.4166666666666667
CORPORACION FAVORITA C.A.,h5,0,svc_linear,linear,0.6116785175608704,"{'C': 10, 'class_weight': None, 'kernel': 'linear'}",120,30,0.5,0.5,0.4375,0.5384615384615384,0.4827586206896552
CORPORACION FAVORITA C.A.,h5,0,svc_rbf,rbf,0.6317906836055656,"{'C': 10, 'class_weight': 'balanced', 'gamma': 0.01, 'kernel': 'rbf'}",120,30,0.4,0.4,0.2222222222222222,0.15384615384615385,0.18181818181818182
CORPORACION FAVORITA C.A.,h5,0,svc_poly,poly,0.6537547419900361,"{'C': 1, 'class_weight': 'balanced', 'coef0': 0.5, 'degree': 3, 'gamma': 'scale', 'kernel': 'poly'}",120,30,0.43333333333333335,0.43333333333333335,0.4,0.6153846153846154,0.48484848484848486
CORPORACION FAVORITA C.A.,h5,1,baseline_majority,baseline,,,150,30,0.8666666666666667,0.8666666666666667,0.0,0.0,0.0
CORPORACION FAVORITA C.A.,h5,1,baseline_sign_prev,baseline,,,150,30,0.7,0.7,0.2222222222222222,0.5,0.3076923076923077
CORPORACION FAVORITA C.A.,h5,1,svc_linear,linear,0.6116785175608704,"{'C': 10, 'class_weight': None, 'kernel': 'linear'}",150,30,0.7666666666666667,0.7666666666666667,0.2,0.25,0.2222222222222222
CORPORACION FAVORITA C.A.,h5,1,svc_rbf,rbf,0.6317906836055656,"{'C': 10, 'class_weight': 'balanced', 'gamma': 0.01, 'kernel': 'rbf'}",150,30,0.5,0.5,0.13333333333333333,0.5,0.21052631578947367
CORPORACION FAVORITA C.A.,h5,1,svc_poly,poly,0.6537547419900361,"{'C': 1, 'class_weight': 'balanced', 'coef0': 0.5, 'degree': 3, 'gamma': 'scale', 'kernel': 'poly'}",150,30,0.3333333333333333,0.3333333333333333,0.16666666666666666,1.0,0.2857142857142857
CORPORACION FAVORITA C.A.,h5,2,baseline_majority,baseline,,,180,30,0.3333333333333333,0.3333333333333333,0.0,0.0,0.0
CORPORACION FAVORITA C.A.,h5,2,baseline_sign_prev,baseline,,,180,30,0.5333333333333333,0.5333333333333333,0.75,0.45,0.5625
CORPORACION FAVORITA C.A.,h5,2,svc_linear,linear,0.6116785175608704,"{'C': 10, 'class_weight': None, 'kernel': 'linear'}",180,30,0.5,0.5,0.8571428571428571,0.3,0.4444444444444444
CORPORACION FAVORITA C.A.,h5,2,svc_rbf,rbf,0.6317906836055656,"{'C': 10, 'class_weight': 'balanced', 'gamma': 0.01, 'kernel': 'rbf'}",180,30,0.8333333333333334,0.8333333333333334,0.8571428571428571,0.9,0.8780487804878049
CORPORACION FAVORITA C.A.,h5,2,svc_poly,poly,0.6537547419900361,"{'C': 1, 'class_weight': 'balanced', 'coef0': 0.5, 'degree': 3, 'gamma': 'scale', 'kernel': 'poly'}",180,30,0.7333333333333333,0.7333333333333333,0.8333333333333334,0.75,0.7894736842105263
CORPORACION FAVORITA C.A.,h5,3,baseline_majority,baseline,,,210,30,0.8,0.8,0.0,0.0,0.0
CORPORACION FAVORITA C.A.,h5,3,baseline_sign_prev,baseline,,,210,30,0.7333333333333333,0.7333333333333333,0.3333333333333333,0.3333333333333333,0.3333333333333333
CORPORACION FAVORITA C.A.,h5,3,svc_linear,linear,0.6116785175608704,"{'C': 10, 'class_weight': None, 'kernel': 'linear'}",210,30,0.7,0.7,0.36363636363636365,0.6666666666666666,0.47058823529411764
CORPORACION FAVORITA C.A.,h5,3,svc_rbf,rbf,0.6317906836055656,"{'C': 10, 'class_weight': 'balanced', 'gamma': 0.01, 'kernel': 'rbf'}",210,30,0.6666666666666666,0.6666666666666666,0.16666666666666666,0.16666666666666666,0.16666666666666666
CORPORACION FAVORITA C.A.,h5,3,svc_poly,poly,0.6537547419900361,"{'C': 1, 'class_weight': 'balanced', 'coef0': 0.5, 'degree': 3, 'gamma': 'scale', 'kernel': 'poly'}",210,30,0.6666666666666666,0.6666666666666666,0.16666666666666666,0.16666666666666666,0.16666666666666666
CORPORACION FAVORITA C.A.,h5,4,baseline_majority,baseline,,,240,30,0.7,0.7,0.0,0.0,0.0
CORPORACION FAVORITA C.A.,h5,4,baseline_sign_prev,baseline,,,240,30,0.7,0.7,0.5,0.3333333333333333,0.4
CORPORACION FAVORITA C.A.,h5,4,svc_linear,linear,0.6116785175608704,"{'C': 10, 'class_weight': None, 'kernel': 'linear'}",240,30,0.6666666666666666,0.6666666666666666,0.0,0.0,0.0
CORPORACION FAVORITA C.A.,h5,4,svc_rbf,rbf,0.6317906836055656,"{'C': 10, 'class_weight': 'balanced', 'gamma': 0.01, 'kernel': 'rbf'}",240,30,0.5333333333333333,0.5333333333333333,0.0,0.0,0.0
CORPORACION FAVORITA C.A.,h5,4,svc_poly,poly,0.6537547419900361,"{'C': 1, 'class_weight': 'balanced', 'coef0': 0.5, 'degree': 3, 'gamma': 'scale', 'kernel': 'poly'}",240,30,0.6666666666666666,0.6666666666666666,0.0,0.0,0.0
CORPORACION FAVORITA C.A.,h5,5,baseline_majority,baseline,,,270,30,0.6333333333333333,0.6333333333333333,0.0,0.0,0.0
CORPORACION FAVORITA C.A.,h5,5,baseline_sign_prev,baseline,,,270,30,0.5666666666666667,0.5666666666666667,0.4,0.36363636363636365,0.38095238095238093
CORPORACION FAVORITA C.A.,h5,5,svc_linear,linear,0.6116785175608704,"{'C': 10, 'class_weight': None, 'kernel': 'linear'}",270,30,0.6,0.6,0.47058823529411764,0.7272727272727273,0.5714285714285714
CORPORACION FAVORITA C.A.,h5,5,svc_rbf,rbf,0.6317906836055656,"{'C': 10, 'class_weight': 'balanced', 'gamma': 0.01, 'kernel': 'rbf'}",270,30,0.5333333333333333,0.5333333333333333,0.44,1.0,0.6111111111111112
CORPORACION FAVORITA C.A.,h5,5,svc_poly,poly,0.6537547419900361,"{'C': 1, 'class_weight': 'balanced', 'coef0': 0.5, 'degree': 3, 'gamma': 'scale', 'kernel': 'poly'}",270,30,0.5333333333333333,0.5333333333333333,0.42857142857142855,0.8181818181818182,0.5625
CORPORACION FAVORITA C.A.,h5,6,baseline_majority,baseline,,,300,30,0.4666666666666667,0.4666666666666667,0.0,0.0,0.0
CORPORACION FAVORITA C.A.,h5,6,baseline_sign_prev,baseline,,,300,30,0.5333333333333333,0.5333333333333333,0.6,0.375,0.46153846153846156
CORPORACION FAVORITA C.A.,h5,6,svc_linear,linear,0.6116785175608704,"{'C': 10, 'class_weight': None, 'kernel': 'linear'}",300,30,0.5,0.5,0.52,0.8125,0.6341463414634146
CORPORACION FAVORITA C.A.,h5,6,svc_rbf,rbf,0.6317906836055656,"{'C': 10, 'class_weight': 'balanced', 'gamma': 0.01, 'kernel': 'rbf'}",300,30,0.5666666666666667,0.5666666666666667,0.5517241379310345,1.0,0.7111111111111111
CORPORACION FAVORITA C.A.,h5,6,svc_poly,poly,0.6537547419900361,"{'C': 1, 'class_weight': 'balanced', 'coef0': 0.5, 'degree': 3, 'gamma': 'scale', 'kernel': 'poly'}",300,30,0.5,0.5,0.52,0.8125,0.6341463414634146
CORPORACION FAVORITA C.A.,h5,7,baseline_majority,baseline,,,330,30,0.9,0.9,0.0,0.0,0.0
CORPORACION FAVORITA C.A.,h5,7,baseline_sign_prev,baseline,,,330,30,0.6666666666666666,0.6666666666666666,0.1111111111111111,0.3333333333333333,0.16666666666666666
CORPORACION FAVORITA C.A.,h5,7,svc_linear,linear,0.6116785175608704,"{'C': 10, 'class_weight': None, 'kernel': 'linear'}",330,30,0.43333333333333335,0.43333333333333335,0.1111111111111111,0.6666666666666666,0.19047619047619047
CORPORACION FAVORITA C.A.,h5,7,svc_rbf,rbf,0.6317906836055656,"{'C': 10, 'class_weight': 'balanced', 'gamma': 0.01, 'kernel': 'rbf'}",330,30,0.4,0.4,0.058823529411764705,0.3333333333333333,0.1
CORPORACION FAVORITA C.A.,h5,7,svc_poly,poly,0.6537547419900361,"{'C': 1, 'class_weight': 'balanced', 'coef0': 0.5, 'degree': 3, 'gamma': 'scale', 'kernel': 'poly'}",330,30,0.4,0.4,0.058823529411764705,0.3333333333333333,0.1
CORPORACION FAVORITA C.A.,h5,8,baseline_majority,baseline,,,360,30,0.9,0.9,0.0,0.0,0.0
CORPORACION FAVORITA C.A.,h5,8,baseline_sign_prev,baseline,,,360,30,0.7,0.7,0.0,0.0,0.0
CORPORACION FAVORITA C.A.,h5,8,svc_linear,linear,0.6116785175608704,"{'C': 10, 'class_weight': None, 'kernel': 'linear'}",360,30,0.8333333333333334,0.8333333333333334,0.25,0.3333333333333333,0.2857142857142857
CORPORACION FAVORITA C.A.,h5,8,svc_rbf,rbf,0.6317906836055656,"{'C': 10, 'class_weight': 'balanced', 'gamma': 0.01, 'kernel': 'rbf'}",360,30,0.8333333333333334,0.8333333333333334,0.3333333333333333,0.6666666666666666,0.4444444444444444
CORPORACION FAVORITA C.A.,h5,8,svc_poly,poly,0.6537547419900361,"{'C': 1, 'class_weight': 'balanced', 'coef0': 0.5, 'degree': 3, 'gamma': 'scale', 'kernel': 'poly'}",360,30,0.9,0.9,0.0,0.0,0.0
CORPORACION FAVORITA C.A.,h5,9,baseline_majority,baseline,,,390,30,0.06666666666666667,0.06666666666666667,0.0,0.0,0.0
CORPORACION FAVORITA C.A.,h5,9,baseline_sign_prev,baseline,,,390,30,0.6,0.6,1.0,0.5714285714285714,0.7272727272727273
CORPORACION FAVORITA C.A.,h5,9,svc_linear,linear,0.6116785175608704,"{'C': 10, 'class_weight': None, 'kernel': 'linear'}",390,30,0.06666666666666667,0.06666666666666667,0.0,0.0,0.0
CORPORACION FAVORITA C.A.,h5,9,svc_rbf,rbf,0.6317906836055656,"{'C': 10, 'class_weight': 'balanced', 'gamma': 0.01, 'kernel': 'rbf'}",390,30,0.9333333333333333,0.9333333333333333,0.9333333333333333,1.0,0.9655172413793104
CORPORACION FAVORITA C.A.,h5,9,svc_poly,poly,0.6537547419900361,"{'C': 1, 'class_weight': 'balanced', 'coef0': 0.5, 'degree': 3, 'gamma': 'scale', 'kernel': 'poly'}",390,30,0.8333333333333334,0.8333333333333334,0.9259259259259259,0.8928571428571429,0.9090909090909091
CORPORACION FAVORITA C.A.,h5,10,baseline_majority,baseline,,,420,30,0.5,0.5,0.0,0.0,0.0
CORPORACION FAVORITA C.A.,h5,10,baseline_sign_prev,baseline,,,420,30,0.5,0.5,0.5,0.3333333333333333,0.4
CORPORACION FAVORITA C.A.,h5,10,svc_linear,linear,0.6116785175608704,"{'C': 10, 'class_weight': None, 'kernel': 'linear'}",420,30,0.5666666666666667,0.5666666666666667,0.5454545454545454,0.8,0.6486486486486487
CORPORACION FAVORITA C.A.,h5,10,svc_rbf,rbf,0.6317906836055656,"{'C': 10, 'class_weight': 'balanced', 'gamma': 0.01, 'kernel': 'rbf'}",420,30,0.5666666666666667,0.5666666666666667,0.5555555555555556,0.6666666666666666,0.6060606060606061
CORPORACION FAVORITA C.A.,h5,10,svc_poly,poly,0.6537547419900361,"{'C': 1, 'class_weight': 'balanced', 'coef0': 0.5, 'degree': 3, 'gamma': 'scale', 'kernel': 'poly'}",420,30,0.5,0.5,0.5,0.6,0.5454545454545454
CORPORACION FAVORITA C.A.,h5,11,baseline_majority,baseline,,,450,30,0.6666666666666666,0.6666666666666666,0.0,0.0,0.0
CORPORACION FAVORITA C.A.,h5,11,baseline_sign_prev,baseline,,,450,30,0.43333333333333335,0.43333333333333335,0.1111111111111111,0.1,0.10526315789473684
CORPORACION FAVORITA C.A.,h5,11,svc_linear,linear,0.6116785175608704,"{'C': 10, 'class_weight': None, 'kernel': 'linear'}",450,30,0.6333333333333333,0.6333333333333333,0.3333333333333333,0.1,0.15384615384615385
CORPORACION FAVORITA C.A.,h5,11,svc_rbf,rbf,0.6317906836055656,"{'C': 10, 'class_weight': 'balanced', 'gamma': 0.01, 'kernel': 'rbf'}",450,30,0.5,0.5,0.3684210526315789,0.7,0.4827586206896552
CORPORACION FAVORITA C.A.,h5,11,svc_poly,poly,0.6537547419900361,"{'C': 1, 'class_weight': 'balanced', 'coef0': 0.5, 'degree': 3, 'gamma': 'scale', 'kernel': 'poly'}",450,30,0.43333333333333335,0.43333333333333335,0.0,0.0,0.0
CORPORACION FAVORITA C.A.,h5,12,baseline_majority,baseline,,,480,30,0.9,0.9,0.0,0.0,0.0
CORPORACION FAVORITA C.A.,h5,12,baseline_sign_prev,baseline,,,480,30,0.6333333333333333,0.6333333333333333,0.0,0.0,0.0
CORPORACION FAVORITA C.A.,h5,12,svc_linear,linear,0.6116785175608704,"{'C': 10, 'class_weight': None, 'kernel': 'linear'}",480,30,0.9,0.9,0.0,0.0,0.0
CORPORACION FAVORITA C.A.,h5,12,svc_rbf,rbf,0.6317906836055656,"{'C': 10, 'class_weight': 'balanced', 'gamma': 0.01, 'kernel': 'rbf'}",480,30,0.8666666666666667,0.8666666666666667,0.3333333333333333,0.3333333333333333,0.3333333333333333
CORPORACION FAVORITA C.A.,h5,12,svc_poly,poly,0.6537547419900361,"{'C': 1, 'class_weight': 'balanced', 'coef0': 0.5, 'degree': 3, 'gamma': 'scale', 'kernel': 'poly'}",480,30,0.8666666666666667,0.8666666666666667,0.0,0.0,0.0
CORPORACION FAVORITA C.A.,h5,13,baseline_majority,baseline,,,510,30,0.5666666666666667,0.5666666666666667,0.0,0.0,0.0
CORPORACION FAVORITA C.A.,h5,13,baseline_sign_prev,baseline,,,510,30,0.6333333333333333,0.6333333333333333,0.5714285714285714,0.6153846153846154,0.5925925925925926
CORPORACION FAVORITA C.A.,h5,13,svc_linear,linear,0.6116785175608704,"{'C': 10, 'class_weight': None, 'kernel': 'linear'}",510,30,0.4666666666666667,0.4666666666666667,0.38461538461538464,0.38461538461538464,0.38461538461538464
CORPORACION FAVORITA C.A.,h5,13,svc_rbf,rbf,0.6317906836055656,"{'C': 10, 'class_weight': 'balanced', 'gamma': 0.01, 'kernel': 'rbf'}",510,30,0.5666666666666667,0.5666666666666667,0.5,0.6153846153846154,0.5517241379310345
CORPORACION FAVORITA C.A.,h5,13,svc_poly,poly,0.6537547419900361,"{'C': 1, 'class_weight': 'balanced', 'coef0': 0.5, 'degree': 3, 'gamma': 'scale', 'kernel': 'poly'}",510,30,0.5666666666666667,0.5666666666666667,0.5,0.5384615384615384,0.5185185185185185
CORPORACION FAVORITA C.A.,h5,14,baseline_majority,baseline,,,540,30,0.5333333333333333,0.5333333333333333,0.0,0.0,0.0
CORPORACION FAVORITA C.A.,h5,14,baseline_sign_prev,baseline,,,540,30,0.6,0.6,0.6,0.42857142857142855,0.5
CORPORACION FAVORITA C.A.,h5,14,svc_linear,linear,0.6116785175608704,"{'C': 10, 'class_weight': None, 'kernel': 'linear'}",540,30,0.7666666666666667,0.7666666666666667,1.0,0.5,0.6666666666666666
CORPORACION FAVORITA C.A.,h5,14,svc_rbf,rbf,0.6317906836055656,"{'C': 10, 'class_weight': 'balanced', 'gamma': 0.01, 'kernel': 'rbf'}",540,30,0.8333333333333334,0.8333333333333334,1.0,0.6428571428571429,0.782608695652174
CORPORACION FAVORITA C.A.,h5,14,svc_poly,poly,0.6537547419900361,"{'C': 1, 'class_weight': 'balanced', 'coef0': 0.5, 'degree': 3, 'gamma': 'scale', 'kernel': 'poly'}",540,30,0.8,0.8,0.9,0.6428571428571429,0.75
CORPORACION FAVORITA C.A.,h5,15,baseline_majority,baseline,,,570,30,0.6333333333333333,0.6333333333333333,0.0,0.0,0.0
CORPORACION FAVORITA C.A.,h5,15,baseline_sign_prev,baseline,,,570,30,0.5666666666666667,0.5666666666666667,0.42857142857142855,0.5454545454545454,0.48
CORPORACION FAVORITA C.A.,h5,15,svc_linear,linear,0.6116785175608704,"{'C': 10, 'class_weight': None, 'kernel': 'linear'}",570,30,0.5,0.5,0.4090909090909091,0.8181818181818182,0.5454545454545454
CORPORACION FAVORITA C.A.,h5,15,svc_rbf,rbf,0.6317906836055656,"{'C': 10, 'class_weight': 'balanced', 'gamma': 0.01, 'kernel': 'rbf'}",570,30,0.7333333333333333,0.7333333333333333,0.6,0.8181818181818182,0.6923076923076923
CORPORACION FAVORITA C.A.,h5,15,svc_poly,poly,0.6537547419900361,"{'C': 1, 'class_weight': 'balanced', 'coef0': 0.5, 'degree': 3, 'gamma': 'scale', 'kernel': 'poly'}",570,30,0.5666666666666667,0.5666666666666667,0.4375,0.6363636363636364,0.5185185185185185
CORPORACION FAVORITA C.A.,h5,16,baseline_majority,baseline,,,600,30,0.6333333333333333,0.6333333333333333,0.0,0.0,0.0
CORPORACION FAVORITA C.A.,h5,16,baseline_sign_prev,baseline,,,600,30,0.5666666666666667,0.5666666666666667,0.375,0.2727272727272727,0.3157894736842105
CORPORACION FAVORITA C.A.,h5,16,svc_linear,linear,0.6116785175608704,"{'C': 10, 'class_weight': None, 'kernel': 'linear'}",600,30,0.5666666666666667,0.5666666666666667,0.375,0.2727272727272727,0.3157894736842105
CORPORACION FAVORITA C.A.,h5,16,svc_rbf,rbf,0.6317906836055656,"{'C': 10, 'class_weight': 'balanced', 'gamma': 0.01, 'kernel': 'rbf'}",600,30,0.5666666666666667,0.5666666666666667,0.45454545454545453,0.9090909090909091,0.6060606060606061
CORPORACION FAVORITA C.A.,h5,16,svc_poly,poly,0.6537547419900361,"{'C': 1, 'class_weight': 'balanced', 'coef0': 0.5, 'degree': 3, 'gamma': 'scale', 'kernel': 'poly'}",600,30,0.5333333333333333,0.5333333333333333,0.42105263157894735,0.7272727272727273,0.5333333333333333
CORPORACION FAVORITA C.A.,h5,17,baseline_majority,baseline,,,630,30,0.36666666666666664,0.36666666666666664,0.0,0.0,0.0
CORPORACION FAVORITA C.A.,h5,17,baseline_sign_prev,baseline,,,630,30,0.6333333333333333,0.6333333333333333,0.8333333333333334,0.5263157894736842,0.6451612903225806
CORPORACION FAVORITA C.A.,h5,17,svc_linear,linear,0.6116785175608704,"{'C': 10, 'class_weight': None, 'kernel': 'linear'}",630,30,0.5,0.5,0.6,0.631578947368421,0.6153846153846154
CORPORACION FAVORITA C.A.,h5,17,svc_rbf,rbf,0.6317906836055656,"{'C': 10, 'class_weight': 'balanced', 'gamma': 0.01, 'kernel': 'rbf'}",630,30,0.6,0.6,0.6842105263157895,0.6842105263157895,0.6842105263157895
CORPORACION FAVORITA C.A.,h5,17,svc_poly,poly,0.6537547419900361,"{'C': 1, 'class_weight': 'balanced', 'coef0': 0.5, 'degree': 3, 'gamma': 'scale', 'kernel': 'poly'}",630,30,0.5,0.5,0.6,0.631578947368421,0.6153846153846154
CORPORACION FAVORITA C.A.,h5,18,baseline_majority,baseline,,,660,30,0.2,0.2,0.0,0.0,0.0
CORPORACION FAVORITA C.A.,h5,18,baseline_sign_prev,baseline,,,660,30,0.4,0.4,0.6875,0.4583333333333333,0.55
CORPORACION FAVORITA C.A.,h5,18,svc_linear,linear,0.6116785175608704,"{'C': 10, 'class_weight': None, 'kernel': 'linear'}",660,30,0.8333333333333334,0.8333333333333334,0.88,0.9166666666666666,0.8979591836734694
CORPORACION FAVORITA C.A.,h5,18,svc_rbf,rbf,0.6317906836055656,"{'C': 10, 'class_weight': 'balanced', 'gamma': 0.01, 'kernel': 'rbf'}",660,30,0.7,0.7,0.8260869565217391,0.7916666666666666,0.8085106382978723
CORPORACION FAVORITA C.A.,h5,18,svc_poly,poly,0.6537547419900361,"{'C': 1, 'class_weight': 'balanced', 'coef0': 0.5, 'degree': 3, 'gamma': 'scale', 'kernel': 'poly'}",660,30,0.7333333333333333,0.7333333333333333,0.8333333333333334,0.8333333333333334,0.8333333333333334
CORPORACION FAVORITA C.A.,h5,19,baseline_majority,baseline,,,690,30,0.6,0.6,0.0,0.0,0.0
CORPORACION FAVORITA C.A.,h5,19,baseline_sign_prev,baseline,,,690,30,0.5666666666666667,0.5666666666666667,0.4444444444444444,0.3333333333333333,0.38095238095238093
CORPORACION FAVORITA C.A.,h5,19,svc_linear,linear,0.6116785175608704,"{'C': 10, 'class_weight': None, 'kernel': 'linear'}",690,30,0.5333333333333333,0.5333333333333333,0.45,0.75,0.5625
CORPORACION FAVORITA C.A.,h5,19,svc_rbf,rbf,0.6317906836055656,"{'C': 10, 'class_weight': 'balanced', 'gamma': 0.01, 'kernel': 'rbf'}",690,30,0.5,0.5,0.43478260869565216,0.8333333333333334,0.5714285714285714
CORPORACION FAVORITA C.A.,h5,19,svc_poly,poly,0.6537547419900361,"{'C': 1, 'class_weight': 'balanced', 'coef0': 0.5, 'degree': 3, 'gamma': 'scale', 'kernel': 'poly'}",690,30,0.5333333333333333,0.5333333333333333,0.45,0.75,0.5625
CORPORACION FAVORITA C.A.,h5,20,baseline_majority,baseline,,,720,30,0.6,0.6,0.0,0.0,0.0
CORPORACION FAVORITA C.A.,h5,20,baseline_sign_prev,baseline,,,720,30,0.7,0.7,0.6666666666666666,0.5,0.5714285714285714
CORPORACION FAVORITA C.A.,h5,20,svc_linear,linear,0.6116785175608704,"{'C': 10, 'class_weight': None, 'kernel': 'linear'}",720,30,0.6666666666666666,0.6666666666666666,0.625,0.4166666666666667,0.5
CORPORACION FAVORITA C.A.,h5,20,svc_rbf,rbf,0.6317906836055656,"{'C': 10, 'class_weight': 'balanced', 'gamma': 0.01, 'kernel': 'rbf'}",720,30,0.4,0.4,0.3125,0.4166666666666667,0.35714285714285715
CORPORACION FAVORITA C.A.,h5,20,svc_poly,poly,0.6537547419900361,"{'C': 1, 'class_weight': 'balanced', 'coef0': 0.5, 'degree': 3, 'gamma': 'scale', 'kernel': 'poly'}",720,30,0.5333333333333333,0.5333333333333333,0.4166666666666667,0.4166666666666667,0.4166666666666667
CORPORACION FAVORITA C.A.,h5,21,baseline_majority,baseline,,,750,30,0.7,0.7,0.0,0.0,0.0
CORPORACION FAVORITA C.A.,h5,21,baseline_sign_prev,baseline,,,750,30,0.6333333333333333,0.6333333333333333,0.4166666666666667,0.5555555555555556,0.47619047619047616
CORPORACION FAVORITA C.A.,h5,21,svc_linear,linear,0.6116785175608704,"{'C': 10, 'class_weight': None, 'kernel': 'linear'}",750,30,0.5333333333333333,0.5333333333333333,0.2222222222222222,0.2222222222222222,0.2222222222222222
CORPORACION FAVORITA C.A.,h5,21,svc_rbf,rbf,0.6317906836055656,"{'C': 10, 'class_weight': 'balanced', 'gamma': 0.01, 'kernel': 'rbf'}",750,30,0.4666666666666667,0.4666666666666667,0.23076923076923078,0.3333333333333333,0.2727272727272727
CORPORACION FAVORITA C.A.,h5,21,svc_poly,poly,0.6537547419900361,"{'C': 1, 'class_weight': 'balanced', 'coef0': 0.5, 'degree': 3, 'gamma': 'scale', 'kernel': 'poly'}",750,30,0.4666666666666667,0.4666666666666667,0.18181818181818182,0.2222222222222222,0.2
CORPORACION FAVORITA C.A.,h5,22,baseline_majority,baseline,,,780,30,0.6,0.6,0.0,0.0,0.0
CORPORACION FAVORITA C.A.,h5,22,baseline_sign_prev,baseline,,,780,30,0.5333333333333333,0.5333333333333333,0.375,0.25,0.3
CORPORACION FAVORITA C.A.,h5,22,svc_linear,linear,0.6116785175608704,"{'C': 10, 'class_weight': None, 'kernel': 'linear'}",780,30,0.5,0.5,0.4117647058823529,0.5833333333333334,0.4827586206896552
CORPORACION FAVORITA C.A.,h5,22,svc_rbf,rbf,0.6317906836055656,"{'C': 10, 'class_weight': 'balanced', 'gamma': 0.01, 'kernel': 'rbf'}",780,30,0.5666666666666667,0.5666666666666667,0.4666666666666667,0.5833333333333334,0.5185185185185185
CORPORACION FAVORITA C.A.,h5,22,svc_poly,poly,0.6537547419900361,"{'C': 1, 'class_weight': 'balanced', 'coef0': 0.5, 'degree': 3, 'gamma': 'scale', 'kernel': 'poly'}",780,30,0.6,0.6,0.5,0.5833333333333334,0.5384615384615384
CORPORACION FAVORITA C.A.,h5,23,baseline_majority,baseline,,,810,30,0.8666666666666667,0.8666666666666667,0.0,0.0,0.0
CORPORACION FAVORITA C.A.,h5,23,baseline_sign_prev,baseline,,,810,30,0.7,0.7,0.2222222222222222,0.5,0.3076923076923077
CORPORACION FAVORITA C.A.,h5,23,svc_linear,linear,0.6116785175608704,"{'C': 10, 'class_weight': None, 'kernel': 'linear'}",810,30,0.3,0.3,0.13043478260869565,0.75,0.2222222222222222
CORPORACION FAVORITA C.A.,h5,23,svc_rbf,rbf,0.6317906836055656,"{'C': 10, 'class_weight': 'balanced', 'gamma': 0.01, 'kernel': 'rbf'}",810,30,0.2,0.2,0.14285714285714285,1.0,0.25
CORPORACION FAVORITA C.A.,h5,23,svc_poly,poly,0.6537547419900361,"{'C': 1, 'class_weight': 'balanced', 'coef0': 0.5, 'degree': 3, 'gamma': 'scale', 'kernel': 'poly'}",810,30,0.23333333333333334,0.23333333333333334,0.14814814814814814,1.0,0.25806451612903225
CORPORACION FAVORITA C.A.,h5,24,baseline_majority,baseline,,,840,30,0.8,0.8,0.0,0.0,0.0
CORPORACION FAVORITA C.A.,h5,24,baseline_sign_prev,baseline,,,840,30,0.6333333333333333,0.6333333333333333,0.14285714285714285,0.16666666666666666,0.15384615384615385
CORPORACION FAVORITA C.A.,h5,24,svc_linear,linear,0.6116785175608704,"{'C': 10, 'class_weight': None, 'kernel': 'linear'}",840,30,0.5,0.5,0.0,0.0,0.0
CORPORACION FAVORITA C.A.,h5,24,svc_rbf,rbf,0.6317906836055656,"{'C': 10, 'class_weight': 'balanced', 'gamma': 0.01, 'kernel': 'rbf'}",840,30,0.2,0.2,0.2,1.0,0.3333333333333333
CORPORACION FAVORITA C.A.,h5,24,svc_poly,poly,0.6537547419900361,"{'C': 1, 'class_weight': 'balanced', 'coef0': 0.5, 'degree': 3, 'gamma': 'scale', 'kernel': 'poly'}",840,30,0.2,0.2,0.17857142857142858,0.8333333333333334,0.29411764705882354
CORPORACION FAVORITA C.A.,h5,25,baseline_majority,baseline,,,870,30,0.8333333333333334,0.8333333333333334,0.0,0.0,0.0
CORPORACION FAVORITA C.A.,h5,25,baseline_sign_prev,baseline,,,870,30,0.6666666666666666,0.6666666666666666,0.0,0.0,0.0
CORPORACION FAVORITA C.A.,h5,25,svc_linear,linear,0.6116785175608704,"{'C': 10, 'class_weight': None, 'kernel': 'linear'}",870,30,0.8333333333333334,0.8333333333333334,0.0,0.0,0.0
CORPORACION FAVORITA C.A.,h5,25,svc_rbf,rbf,0.6317906836055656,"{'C': 10, 'class_weight': 'balanced', 'gamma': 0.01, 'kernel': 'rbf'}",870,30,0.5333333333333333,0.5333333333333333,0.23529411764705882,0.8,0.36363636363636365
CORPORACION FAVORITA C.A.,h5,25,svc_poly,poly,0.6537547419900361,"{'C': 1, 'class_weight': 'balanced', 'coef0': 0.5, 'degree': 3, 'gamma': 'scale', 'kernel': 'poly'}",870,30,0.7,0.7,0.3,0.6,0.4
CORPORACION FAVORITA C.A.,h5,26,baseline_majority,baseline,,,900,30,0.5666666666666667,0.5666666666666667,0.0,0.0,0.0
CORPORACION FAVORITA C.A.,h5,26,baseline_sign_prev,baseline,,,900,30,0.4666666666666667,0.4666666666666667,0.36363636363636365,0.3076923076923077,0.3333333333333333
CORPORACION FAVORITA C.A.,h5,26,svc_linear,linear,0.6116785175608704,"{'C': 10, 'class_weight': None, 'kernel': 'linear'}",900,30,0.6,0.6,0.6666666666666666,0.15384615384615385,0.25
CORPORACION FAVORITA C.A.,h5,26,svc_rbf,rbf,0.6317906836055656,"{'C': 10, 'class_weight': 'balanced', 'gamma': 0.01, 'kernel': 'rbf'}",900,30,0.4666666666666667,0.4666666666666667,0.42105263157894735,0.6153846153846154,0.5
CORPORACION FAVORITA C.A.,h5,26,svc_poly,poly,0.6537547419900361,"{'C': 1, 'class_weight': 'balanced', 'coef0': 0.5, 'degree': 3, 'gamma': 'scale', 'kernel': 'poly'}",900,30,0.5,0.5,0.45,0.6923076923076923,0.5454545454545454
CORPORACION FAVORITA C.A.,h5,27,baseline_majority,baseline,,,930,30,0.7666666666666667,0.7666666666666667,0.0,0.0,0.0
CORPORACION FAVORITA C.A.,h5,27,baseline_sign_prev,baseline,,,930,30,0.6666666666666666,0.6666666666666666,0.3333333333333333,0.42857142857142855,0.375
CORPORACION FAVORITA C.A.,h5,27,svc_linear,linear,0.6116785175608704,"{'C': 10, 'class_weight': None, 'kernel': 'linear'}",930,30,0.7666666666666667,0.7666666666666667,0.0,0.0,0.0
CORPORACION FAVORITA C.A.,h5,27,svc_rbf,rbf,0.6317906836055656,"{'C': 10, 'class_weight': 'balanced', 'gamma': 0.01, 'kernel': 'rbf'}",930,30,0.5,0.5,0.25,0.5714285714285714,0.34782608695652173
CORPORACION FAVORITA C.A.,h5,27,svc_poly,poly,0.6537547419900361,"{'C': 1, 'class_weight': 'balanced', 'coef0': 0.5, 'degree': 3, 'gamma': 'scale', 'kernel': 'poly'}",930,30,0.5333333333333333,0.5333333333333333,0.26666666666666666,0.5714285714285714,0.36363636363636365
CORPORACION FAVORITA C.A.,h5,28,baseline_majority,baseline,,,960,30,0.7333333333333333,0.7333333333333333,0.0,0.0,0.0
CORPORACION FAVORITA C.A.,h5,28,baseline_sign_prev,baseline,,,960,30,0.5,0.5,0.1111111111111111,0.125,0.11764705882352941
CORPORACION FAVORITA C.A.,h5,28,svc_linear,linear,0.6116785175608704,"{'C': 10, 'class_weight': None, 'kernel': 'linear'}",960,30,0.7333333333333333,0.7333333333333333,0.0,0.0,0.0
CORPORACION FAVORITA C.A.,h5,28,svc_rbf,rbf,0.6317906836055656,"{'C': 10, 'class_weight': 'balanced', 'gamma': 0.01, 'kernel': 'rbf'}",960,30,0.6,0.6,0.375,0.75,0.5
CORPORACION FAVORITA C.A.,h5,28,svc_poly,poly,0.6537547419900361,"{'C': 1, 'class_weight': 'balanced', 'coef0': 0.5, 'degree': 3, 'gamma': 'scale', 'kernel': 'poly'}",960,30,0.6333333333333333,0.6333333333333333,0.4117647058823529,0.875,0.56
CORPORACION FAVORITA C.A.,h5,29,baseline_majority,baseline,,,990,30,0.5333333333333333,0.5333333333333333,0.0,0.0,0.0
CORPORACION FAVORITA C.A.,h5,29,baseline_sign_prev,baseline,,,990,30,0.5333333333333333,0.5333333333333333,0.5,0.35714285714285715,0.4166666666666667
CORPORACION FAVORITA C.A.,h5,29,svc_linear,linear,0.6116785175608704,"{'C': 10, 'class_weight': None, 'kernel': 'linear'}",990,30,0.5333333333333333,0.5333333333333333,0.0,0.0,0.0
CORPORACION FAVORITA C.A.,h5,29,svc_rbf,rbf,0.6317906836055656,"{'C': 10, 'class_weight': 'balanced', 'gamma': 0.01, 'kernel': 'rbf'}",990,30,0.5333333333333333,0.5333333333333333,0.5,0.5,0.5
CORPORACION FAVORITA C.A.,h5,29,svc_poly,poly,0.6537547419900361,"{'C': 1, 'class_weight': 'balanced', 'coef0': 0.5, 'degree': 3, 'gamma': 'scale', 'kernel': 'poly'}",990,30,0.6333333333333333,0.6333333333333333,0.6,0.6428571428571429,0.6206896551724138
CORPORACION FAVORITA C.A.,h5,30,baseline_majority,baseline,,,1020,30,0.7666666666666667,0.7666666666666667,0.0,0.0,0.0
CORPORACION FAVORITA C.A.,h5,30,baseline_sign_prev,baseline,,,1020,30,0.5333333333333333,0.5333333333333333,0.18181818181818182,0.2857142857142857,0.2222222222222222
CORPORACION FAVORITA C.A.,h5,30,svc_linear,linear,0.6116785175608704,"{'C': 10, 'class_weight': None, 'kernel': 'linear'}",1020,30,0.7,0.7,0.0,0.0,0.0
CORPORACION FAVORITA C.A.,h5,30,svc_rbf,rbf,0.6317906836055656,"{'C': 10, 'class_weight': 'balanced', 'gamma': 0.01, 'kernel': 'rbf'}",1020,30,0.5,0.5,0.16666666666666666,0.2857142857142857,0.21052631578947367
CORPORACION FAVORITA C.A.,h5,30,svc_poly,poly,0.6537547419900361,"{'C': 1, 'class_weight': 'balanced', 'coef0': 0.5, 'degree': 3, 'gamma': 'scale', 'kernel': 'poly'}",1020,30,0.4666666666666667,0.4666666666666667,0.09090909090909091,0.14285714285714285,0.1111111111111111
CORPORACION FAVORITA C.A.,h5,31,baseline_majority,baseline,,,1050,30,0.7333333333333333,0.7333333333333333,0.0,0.0,0.0
CORPORACION FAVORITA C.A.,h5,31,baseline_sign_prev,baseline,,,1050,30,0.5,0.5,0.1111111111111111,0.125,0.11764705882352941
CORPORACION FAVORITA C.A.,h5,31,svc_linear,linear,0.6116785175608704,"{'C': 10, 'class_weight': None, 'kernel': 'linear'}",1050,30,0.7333333333333333,0.7333333333333333,0.0,0.0,0.0
CORPORACION FAVORITA C.A.,h5,31,svc_rbf,rbf,0.6317906836055656,"{'C': 10, 'class_weight': 'balanced', 'gamma': 0.01, 'kernel': 'rbf'}",1050,30,0.6,0.6,0.0,0.0,0.0
CORPORACION FAVORITA C.A.,h5,31,svc_poly,poly,0.6537547419900361,"{'C': 1, 'class_weight': 'balanced', 'coef0': 0.5, 'degree': 3, 'gamma': 'scale', 'kernel': 'poly'}",1050,30,0.6333333333333333,0.6333333333333333,0.0,0.0,0.0
CORPORACION FAVORITA C.A.,h5,32,baseline_majority,baseline,,,1080,30,0.9,0.9,0.0,0.0,0.0
CORPORACION FAVORITA C.A.,h5,32,baseline_sign_prev,baseline,,,1080,30,0.7,0.7,0.125,0.3333333333333333,0.18181818181818182
CORPORACION FAVORITA C.A.,h5,32,svc_linear,linear,0.6116785175608704,"{'C': 10, 'class_weight': None, 'kernel': 'linear'}",1080,30,0.9,0.9,0.0,0.0,0.0
CORPORACION FAVORITA C.A.,h5,32,svc_rbf,rbf,0.6317906836055656,"{'C': 10, 'class_weight': 'balanced', 'gamma': 0.01, 'kernel': 'rbf'}",1080,30,0.9,0.9,0.0,0.0,0.0
CORPORACION FAVORITA C.A.,h5,32,svc_poly,poly,0.6537547419900361,"{'C': 1, 'class_weight': 'balanced', 'coef0': 0.5, 'degree': 3, 'gamma': 'scale', 'kernel': 'poly'}",1080,30,0.9,0.9,0.0,0.0,0.0
CORPORACION FAVORITA C.A.,h5,33,baseline_majority,baseline,,,1110,30,0.43333333333333335,0.43333333333333335,0.0,0.0,0.0
CORPORACION FAVORITA C.A.,h5,33,baseline_sign_prev,baseline,,,1110,30,0.43333333333333335,0.43333333333333335,0.5,0.35294117647058826,0.41379310344827586
CORPORACION FAVORITA C.A.,h5,33,svc_linear,linear,0.6116785175608704,"{'C': 10, 'class_weight': None, 'kernel': 'linear'}",1110,30,0.43333333333333335,0.43333333333333335,0.0,0.0,0.0
CORPORACION FAVORITA C.A.,h5,33,svc_rbf,rbf,0.6317906836055656,"{'C': 10, 'class_weight': 'balanced', 'gamma': 0.01, 'kernel': 'rbf'}",1110,30,0.6,0.6,0.7272727272727273,0.47058823529411764,0.5714285714285714
CORPORACION FAVORITA C.A.,h5,33,svc_poly,poly,0.6537547419900361,"{'C': 1, 'class_weight': 'balanced', 'coef0': 0.5, 'degree': 3, 'gamma': 'scale', 'kernel': 'poly'}",1110,30,0.5666666666666667,0.5666666666666667,0.6666666666666666,0.47058823529411764,0.5517241379310345
CORPORACION FAVORITA C.A.,h5,34,baseline_majority,baseline,,,1140,30,0.7333333333333333,0.7333333333333333,0.0,0.0,0.0
CORPORACION FAVORITA C.A.,h5,34,baseline_sign_prev,baseline,,,1140,30,0.5333333333333333,0.5333333333333333,0.25,0.375,0.3
CORPORACION FAVORITA C.A.,h5,34,svc_linear,linear,0.6116785175608704,"{'C': 10, 'class_weight': None, 'kernel': 'linear'}",1140,30,0.7333333333333333,0.7333333333333333,0.0,0.0,0.0
CORPORACION FAVORITA C.A.,h5,34,svc_rbf,rbf,0.6317906836055656,"{'C': 10, 'class_weight': 'balanced', 'gamma': 0.01, 'kernel': 'rbf'}",1140,30,0.6,0.6,0.16666666666666666,0.125,0.14285714285714285
CORPORACION FAVORITA C.A.,h5,34,svc_poly,poly,0.6537547419900361,"{'C': 1, 'class_weight': 'balanced', 'coef0': 0.5, 'degree': 3, 'gamma': 'scale', 'kernel': 'poly'}",1140,30,0.5666666666666667,0.5666666666666667,0.14285714285714285,0.125,0.13333333333333333
CORPORACION FAVORITA C.A.,h5,35,baseline_majority,baseline,,,1170,30,0.8333333333333334,0.8333333333333334,0.0,0.0,0.0
CORPORACION FAVORITA C.A.,h5,35,baseline_sign_prev,baseline,,,1170,30,0.5666666666666667,0.5666666666666667,0.1,0.2,0.13333333333333333
CORPORACION FAVORITA C.A.,h5,35,svc_linear,linear,0.6116785175608704,"{'C': 10, 'class_weight': None, 'kernel': 'linear'}",1170,30,0.8333333333333334,0.8333333333333334,0.0,0.0,0.0
CORPORACION FAVORITA C.A.,h5,35,svc_rbf,rbf,0.6317906836055656,"{'C': 10, 'class_weight': 'balanced', 'gamma': 0.01, 'kernel': 'rbf'}",1170,30,0.8,0.8,0.0,0.0,0.0
CORPORACION FAVORITA C.A.,h5,35,svc_poly,poly,0.6537547419900361,"{'C': 1, 'class_weight': 'balanced', 'coef0': 0.5, 'degree': 3, 'gamma': 'scale', 'kernel': 'poly'}",1170,30,0.8,0.8,0.0,0.0,0.0
CORPORACION FAVORITA C.A.,h5,36,baseline_majority,baseline,,,1200,30,0.8333333333333334,0.8333333333333334,0.0,0.0,0.0
CORPORACION FAVORITA C.A.,h5,36,baseline_sign_prev,baseline,,,1200,30,0.7,0.7,0.16666666666666666,0.2,0.18181818181818182
CORPORACION FAVORITA C.A.,h5,36,svc_linear,linear,0.6116785175608704,"{'C': 10, 'class_weight': None, 'kernel': 'linear'}",1200,30,0.8333333333333334,0.8333333333333334,0.0,0.0,0.0
CORPORACION FAVORITA C.A.,h5,36,svc_rbf,rbf,0.6317906836055656,"{'C': 10, 'class_weight': 'balanced', 'gamma': 0.01, 'kernel': 'rbf'}",1200,30,0.6333333333333333,0.6333333333333333,0.125,0.2,0.15384615384615385
CORPORACION FAVORITA C.A.,h5,36,svc_poly,poly,0.6537547419900361,"{'C': 1, 'class_weight': 'balanced', 'coef0': 0.5, 'degree': 3, 'gamma': 'scale', 'kernel': 'poly'}",1200,30,0.6333333333333333,0.6333333333333333,0.125,0.2,0.15384615384615385
CORPORACION FAVORITA C.A.,h5,37,baseline_majority,baseline,,,1230,30,0.3333333333333333,0.3333333333333333,0.0,0.0,0.0
CORPORACION FAVORITA C.A.,h5,37,baseline_sign_prev,baseline,,,1230,30,0.5333333333333333,0.5333333333333333,0.7142857142857143,0.5,0.5882352941176471
CORPORACION FAVORITA C.A.,h5,37,svc_linear,linear,0.6116785175608704,"{'C': 10, 'class_weight': None, 'kernel': 'linear'}",1230,30,0.3333333333333333,0.3333333333333333,0.0,0.0,0.0
CORPORACION FAVORITA C.A.,h5,37,svc_rbf,rbf,0.6317906836055656,"{'C': 10, 'class_weight': 'balanced', 'gamma': 0.01, 'kernel': 'rbf'}",1230,30,0.4,0.4,0.75,0.15,0.25
CORPORACION FAVORITA C.A.,h5,37,svc_poly,poly,0.6537547419900361,"{'C': 1, 'class_weight': 'balanced', 'coef0': 0.5, 'degree': 3, 'gamma': 'scale', 'kernel': 'poly'}",1230,30,0.5,0.5,0.7777777777777778,0.35,0.4827586206896552
CORPORACION FAVORITA C.A.,h5,38,baseline_majority,baseline,,,1260,30,0.6333333333333333,0.6333333333333333,0.0,0.0,0.0
CORPORACION FAVORITA C.A.,h5,38,baseline_sign_prev,baseline,,,1260,30,0.3333333333333333,0.3333333333333333,0.09090909090909091,0.09090909090909091,0.09090909090909091
CORPORACION FAVORITA C.A.,h5,38,svc_linear,linear,0.6116785175608704,"{'C': 10, 'class_weight': None, 'kernel': 'linear'}",1260,30,0.6333333333333333,0.6333333333333333,0.0,0.0,0.0
CORPORACION FAVORITA C.A.,h5,38,svc_rbf,rbf,0.6317906836055656,"{'C': 10, 'class_weight': 'balanced', 'gamma': 0.01, 'kernel': 'rbf'}",1260,30,0.5333333333333333,0.5333333333333333,0.36363636363636365,0.36363636363636365,0.36363636363636365
CORPORACION FAVORITA C.A.,h5,38,svc_poly,poly,0.6537547419900361,"{'C': 1, 'class_weight': 'balanced', 'coef0': 0.5, 'degree': 3, 'gamma': 'scale', 'kernel': 'poly'}",1260,30,0.4666666666666667,0.4666666666666667,0.2222222222222222,0.18181818181818182,0.2
CORPORACION FAVORITA C.A.,h5,39,baseline_majority,baseline,,,1290,30,0.6666666666666666,0.6666666666666666,0.0,0.0,0.0
CORPORACION FAVORITA C.A.,h5,39,baseline_sign_prev,baseline,,,1290,30,0.5333333333333333,0.5333333333333333,0.35714285714285715,0.5,0.4166666666666667
CORPORACION FAVORITA C.A.,h5,39,svc_linear,linear,0.6116785175608704,"{'C': 10, 'class_weight': None, 'kernel': 'linear'}",1290,30,0.6666666666666666,0.6666666666666666,0.0,0.0,0.0
CORPORACION FAVORITA C.A.,h5,39,svc_rbf,rbf,0.6317906836055656,"{'C': 10, 'class_weight': 'balanced', 'gamma': 0.01, 'kernel': 'rbf'}",1290,30,0.4666666666666667,0.4666666666666667,0.125,0.1,0.1111111111111111
CORPORACION FAVORITA C.A.,h5,39,svc_poly,poly,0.6537547419900361,"{'C': 1, 'class_weight': 'balanced', 'coef0': 0.5, 'degree': 3, 'gamma': 'scale', 'kernel': 'poly'}",1290,30,0.5,0.5,0.2222222222222222,0.2,0.21052631578947367
CORPORACION FAVORITA C.A.,h5,40,baseline_majority,baseline,,,1320,30,0.7333333333333333,0.7333333333333333,0.0,0.0,0.0
CORPORACION FAVORITA C.A.,h5,40,baseline_sign_prev,baseline,,,1320,30,0.6333333333333333,0.6333333333333333,0.2857142857142857,0.25,0.26666666666666666
CORPORACION FAVORITA C.A.,h5,40,svc_linear,linear,0.6116785175608704,"{'C': 10, 'class_weight': None, 'kernel': 'linear'}",1320,30,0.7333333333333333,0.7333333333333333,0.0,0.0,0.0
CORPORACION FAVORITA C.A.,h5,40,svc_rbf,rbf,0.6317906836055656,"{'C': 10, 'class_weight': 'balanced', 'gamma': 0.01, 'kernel': 'rbf'}",1320,30,0.7333333333333333,0.7333333333333333,0.5,0.125,0.2
CORPORACION FAVORITA C.A.,h5,40,svc_poly,poly,0.6537547419900361,"{'C': 1, 'class_weight': 'balanced', 'coef0': 0.5, 'degree': 3, 'gamma': 'scale', 'kernel': 'poly'}",1320,30,0.7,0.7,0.0,0.0,0.0
CORPORACION FAVORITA C.A.,h5,41,baseline_majority,baseline,,,1350,30,0.9333333333333333,0.9333333333333333,0.0,0.0,0.0
CORPORACION FAVORITA C.A.,h5,41,baseline_sign_prev,baseline,,,1350,30,0.7666666666666667,0.7666666666666667,0.0,0.0,0.0
CORPORACION FAVORITA C.A.,h5,41,svc_linear,linear,0.6116785175608704,"{'C': 10, 'class_weight': None, 'kernel': 'linear'}",1350,30,0.9333333333333333,0.9333333333333333,0.0,0.0,0.0
CORPORACION FAVORITA C.A.,h5,41,svc_rbf,rbf,0.6317906836055656,"{'C': 10, 'class_weight': 'balanced', 'gamma': 0.01, 'kernel': 'rbf'}",1350,30,0.8,0.8,0.25,1.0,0.4
CORPORACION FAVORITA C.A.,h5,41,svc_poly,poly,0.6537547419900361,"{'C': 1, 'class_weight': 'balanced', 'coef0': 0.5, 'degree': 3, 'gamma': 'scale', 'kernel': 'poly'}",1350,30,0.7333333333333333,0.7333333333333333,0.2,1.0,0.3333333333333333
CORPORACION FAVORITA C.A.,h5,42,baseline_majority,baseline,,,1380,30,0.5,0.5,0.0,0.0,0.0
CORPORACION FAVORITA C.A.,h5,42,baseline_sign_prev,baseline,,,1380,30,0.43333333333333335,0.43333333333333335,0.4166666666666667,0.3333333333333333,0.37037037037037035
CORPORACION FAVORITA C.A.,h5,42,svc_linear,linear,0.6116785175608704,"{'C': 10, 'class_weight': None, 'kernel': 'linear'}",1380,30,0.5,0.5,0.0,0.0,0.0
CORPORACION FAVORITA C.A.,h5,42,svc_rbf,rbf,0.6317906836055656,"{'C': 10, 'class_weight': 'balanced', 'gamma': 0.01, 'kernel': 'rbf'}",1380,30,0.43333333333333335,0.43333333333333335,0.4166666666666667,0.3333333333333333,0.37037037037037035
CORPORACION FAVORITA C.A.,h5,42,svc_poly,poly,0.6537547419900361,"{'C': 1, 'class_weight': 'balanced', 'coef0': 0.5, 'degree': 3, 'gamma': 'scale', 'kernel': 'poly'}",1380,30,0.5333333333333333,0.5333333333333333,0.5454545454545454,0.4,0.46153846153846156
CORPORACION FAVORITA C.A.,h5,43,baseline_majority,baseline,,,1410,30,0.6666666666666666,0.6666666666666666,0.0,0.0,0.0
CORPORACION FAVORITA C.A.,h5,43,baseline_sign_prev,baseline,,,1410,30,0.4666666666666667,0.4666666666666667,0.2,0.2,0.2
CORPORACION FAVORITA C.A.,h5,43,svc_linear,linear,0.6116785175608704,"{'C': 10, 'class_weight': None, 'kernel': 'linear'}",1410,30,0.6666666666666666,0.6666666666666666,0.0,0.0,0.0
CORPORACION FAVORITA C.A.,h5,43,svc_rbf,rbf,0.6317906836055656,"{'C': 10, 'class_weight': 'balanced', 'gamma': 0.01, 'kernel': 'rbf'}",1410,30,0.6,0.6,0.25,0.1,0.14285714285714285
CORPORACION FAVORITA C.A.,h5,43,svc_poly,poly,0.6537547419900361,"{'C': 1, 'class_weight': 'balanced', 'coef0': 0.5, 'degree': 3, 'gamma': 'scale', 'kernel': 'poly'}",1410,30,0.6666666666666666,0.6666666666666666,0.5,0.1,0.16666666666666666
CORPORACION FAVORITA C.A.,h5,44,baseline_majority,baseline,,,1440,30,0.6666666666666666,0.6666666666666666,0.0,0.0,0.0
CORPORACION FAVORITA C.A.,h5,44,baseline_sign_prev,baseline,,,1440,30,0.5666666666666667,0.5666666666666667,0.3333333333333333,0.3,0.3157894736842105
CORPORACION FAVORITA C.A.,h5,44,svc_linear,linear,0.6116785175608704,"{'C': 10, 'class_weight': None, 'kernel': 'linear'}",1440,30,0.6666666666666666,0.6666666666666666,0.0,0.0,0.0
CORPORACION FAVORITA C.A.,h5,44,svc_rbf,rbf,0.6317906836055656,"{'C': 10, 'class_weight': 'balanced', 'gamma': 0.01, 'kernel': 'rbf'}",1440,30,0.6333333333333333,0.6333333333333333,0.3333333333333333,0.1,0.15384615384615385
CORPORACION FAVORITA C.A.,h5,44,svc_poly,poly,0.6537547419900361,"{'C': 1, 'class_weight': 'balanced', 'coef0': 0.5, 'degree': 3, 'gamma': 'scale', 'kernel': 'poly'}",1440,30,0.6333333333333333,0.6333333333333333,0.3333333333333333,0.1,0.15384615384615385
CORPORACION FAVORITA C.A.,h5,45,baseline_majority,baseline,,,1470,30,0.6666666666666666,0.6666666666666666,0.0,0.0,0.0
CORPORACION FAVORITA C.A.,h5,45,baseline_sign_prev,baseline,,,1470,30,0.5666666666666667,0.5666666666666667,0.36363636363636365,0.4,0.38095238095238093
CORPORACION FAVORITA C.A.,h5,45,svc_linear,linear,0.6116785175608704,"{'C': 10, 'class_weight': None, 'kernel': 'linear'}",1470,30,0.6666666666666666,0.6666666666666666,0.0,0.0,0.0
CORPORACION FAVORITA C.A.,h5,45,svc_rbf,rbf,0.6317906836055656,"{'C': 10, 'class_weight': 'balanced', 'gamma': 0.01, 'kernel': 'rbf'}",1470,30,0.6,0.6,0.25,0.1,0.14285714285714285
CORPORACION FAVORITA C.A.,h5,45,svc_poly,poly,0.6537547419900361,"{'C': 1, 'class_weight': 'balanced', 'coef0': 0.5, 'degree': 3, 'gamma': 'scale', 'kernel': 'poly'}",1470,30,0.6666666666666666,0.6666666666666666,0.5,0.2,0.2857142857142857
CORPORACION FAVORITA C.A.,h5,46,baseline_majority,baseline,,,1500,30,0.8333333333333334,0.8333333333333334,0.0,0.0,0.0
CORPORACION FAVORITA C.A.,h5,46,baseline_sign_prev,baseline,,,1500,30,0.7666666666666667,0.7666666666666667,0.0,0.0,0.0
CORPORACION FAVORITA C.A.,h5,46,svc_linear,linear,0.6116785175608704,"{'C': 10, 'class_weight': None, 'kernel': 'linear'}",1500,30,0.8333333333333334,0.8333333333333334,0.0,0.0,0.0
CORPORACION FAVORITA C.A.,h5,46,svc_rbf,rbf,0.6317906836055656,"{'C': 10, 'class_weight': 'balanced', 'gamma': 0.01, 'kernel': 'rbf'}",1500,30,0.2,0.2,0.14814814814814814,0.8,0.25
CORPORACION FAVORITA C.A.,h5,46,svc_poly,poly,0.6537547419900361,"{'C': 1, 'class_weight': 'balanced', 'coef0': 0.5, 'degree': 3, 'gamma': 'scale', 'kernel': 'poly'}",1500,30,0.3,0.3,0.1,0.4,0.16
CORPORACION FAVORITA C.A.,h5,47,baseline_majority,baseline,,,1530,30,0.6,0.6,0.0,0.0,0.0
CORPORACION FAVORITA C.A.,h5,47,baseline_sign_prev,baseline,,,1530,30,0.5,0.5,0.3333333333333333,0.25,0.2857142857142857
CORPORACION FAVORITA C.A.,h5,47,svc_linear,linear,0.6116785175608704,"{'C': 10, 'class_weight': None, 'kernel': 'linear'}",1530,30,0.6,0.6,0.0,0.0,0.0
CORPORACION FAVORITA C.A.,h5,47,svc_rbf,rbf,0.6317906836055656,"{'C': 10, 'class_weight': 'balanced', 'gamma': 0.01, 'kernel': 'rbf'}",1530,30,0.6,0.6,0.5,0.25,0.3333333333333333
CORPORACION FAVORITA C.A.,h5,47,svc_poly,poly,0.6537547419900361,"{'C': 1, 'class_weight': 'balanced', 'coef0': 0.5, 'degree': 3, 'gamma': 'scale', 'kernel': 'poly'}",1530,30,0.5333333333333333,0.5333333333333333,0.4,0.3333333333333333,0.36363636363636365
CORPORACION FAVORITA C.A.,h5,48,baseline_majority,baseline,,,1560,30,0.7333333333333333,0.7333333333333333,0.0,0.0,0.0
CORPORACION FAVORITA C.A.,h5,48,baseline_sign_prev,baseline,,,1560,30,0.6333333333333333,0.6333333333333333,0.0,0.0,0.0
CORPORACION FAVORITA C.A.,h5,48,svc_linear,linear,0.6116785175608704,"{'C': 10, 'class_weight': None, 'kernel': 'linear'}",1560,30,0.7333333333333333,0.7333333333333333,0.0,0.0,0.0
CORPORACION FAVORITA C.A.,h5,48,svc_rbf,rbf,0.6317906836055656,"{'C': 10, 'class_weight': 'balanced', 'gamma': 0.01, 'kernel': 'rbf'}",1560,30,0.43333333333333335,0.43333333333333335,0.2,0.375,0.2608695652173913
CORPORACION FAVORITA C.A.,h5,48,svc_poly,poly,0.6537547419900361,"{'C': 1, 'class_weight': 'balanced', 'coef0': 0.5, 'degree': 3, 'gamma': 'scale', 'kernel': 'poly'}",1560,30,0.3,0.3,0.15789473684210525,0.375,0.2222222222222222
CORPORACION FAVORITA C.A.,h5,49,baseline_majority,baseline,,,1590,30,0.5333333333333333,0.5333333333333333,0.0,0.0,0.0
CORPORACION FAVORITA C.A.,h5,49,baseline_sign_prev,baseline,,,1590,30,0.6,0.6,0.625,0.35714285714285715,0.45454545454545453
CORPORACION FAVORITA C.A.,h5,49,svc_linear,linear,0.6116785175608704,"{'C': 10, 'class_weight': None, 'kernel': 'linear'}",1590,30,0.5333333333333333,0.5333333333333333,0.0,0.0,0.0
CORPORACION FAVORITA C.A.,h5,49,svc_rbf,rbf,0.6317906836055656,"{'C': 10, 'class_weight': 'balanced', 'gamma': 0.01, 'kernel': 'rbf'}",1590,30,0.5666666666666667,0.5666666666666667,0.6,0.21428571428571427,0.3157894736842105
CORPORACION FAVORITA C.A.,h5,49,svc_poly,poly,0.6537547419900361,"{'C': 1, 'class_weight': 'balanced', 'coef0': 0.5, 'degree': 3, 'gamma': 'scale', 'kernel': 'poly'}",1590,30,0.5333333333333333,0.5333333333333333,0.5,0.35714285714285715,0.4166666666666667
CORPORACION FAVORITA C.A.,h5,50,baseline_majority,baseline,,,1620,30,0.4,0.4,0.0,0.0,0.0
CORPORACION FAVORITA C.A.,h5,50,baseline_sign_prev,baseline,,,1620,30,0.4666666666666667,0.4666666666666667,0.6666666666666666,0.2222222222222222,0.3333333333333333
CORPORACION FAVORITA C.A.,h5,50,svc_linear,linear,0.6116785175608704,"{'C': 10, 'class_weight': None, 'kernel': 'linear'}",1620,30,0.4,0.4,0.0,0.0,0.0
CORPORACION FAVORITA C.A.,h5,50,svc_rbf,rbf,0.6317906836055656,"{'C': 10, 'class_weight': 'balanced', 'gamma': 0.01, 'kernel': 'rbf'}",1620,30,0.6666666666666666,0.6666666666666666,0.75,0.6666666666666666,0.7058823529411765
CORPORACION FAVORITA C.A.,h5,50,svc_poly,poly,0.6537547419900361,"{'C': 1, 'class_weight': 'balanced', 'coef0': 0.5, 'degree': 3, 'gamma': 'scale', 'kernel': 'poly'}",1620,30,0.6,0.6,0.6666666666666666,0.6666666666666666,0.6666666666666666
CORPORACION FAVORITA C.A.,h5,51,baseline_majority,baseline,,,1650,30,0.36666666666666664,0.36666666666666664,0.0,0.0,0.0
CORPORACION FAVORITA C.A.,h5,51,baseline_sign_prev,baseline,,,1650,30,0.4,0.4,0.5555555555555556,0.2631578947368421,0.35714285714285715
CORPORACION FAVORITA C.A.,h5,51,svc_linear,linear,0.6116785175608704,"{'C': 10, 'class_weight': None, 'kernel': 'linear'}",1650,30,0.36666666666666664,0.36666666666666664,0.0,0.0,0.0
CORPORACION FAVORITA C.A.,h5,51,svc_rbf,rbf,0.6317906836055656,"{'C': 10, 'class_weight': 'balanced', 'gamma': 0.01, 'kernel': 'rbf'}",1650,30,0.5333333333333333,0.5333333333333333,0.6470588235294118,0.5789473684210527,0.6111111111111112
CORPORACION FAVORITA C.A.,h5,51,svc_poly,poly,0.6537547419900361,"{'C': 1, 'class_weight': 'balanced', 'coef0': 0.5, 'degree': 3, 'gamma': 'scale', 'kernel': 'poly'}",1650,30,0.5,0.5,0.625,0.5263157894736842,0.5714285714285714
CORPORACION FAVORITA C.A.,h20,0,baseline_majority,baseline,,,120,30,0.43333333333333335,0.43333333333333335,0.0,0.0,0.0
CORPORACION FAVORITA C.A.,h20,0,baseline_sign_prev,baseline,,,120,30,0.3333333333333333,0.3333333333333333,0.36363636363636365,0.23529411764705882,0.2857142857142857
CORPORACION FAVORITA C.A.,h20,0,svc_linear,linear,0.4053682593580725,"{'C': 10, 'class_weight': None, 'kernel': 'linear'}",120,30,0.5666666666666667,0.5666666666666667,0.75,0.35294117647058826,0.48
CORPORACION FAVORITA C.A.,h20,0,svc_rbf,rbf,0.3107769423558897,"{'C': 1, 'class_weight': 'balanced', 'gamma': 0.01, 'kernel': 'rbf'}",120,30,0.5,0.5,1.0,0.11764705882352941,0.21052631578947367
CORPORACION FAVORITA C.A.,h20,0,svc_poly,poly,0.3711142993782879,"{'C': 1, 'class_weight': 'balanced', 'coef0': 0.0, 'degree': 3, 'gamma': 0.1, 'kernel': 'poly'}",120,30,0.5,0.5,1.0,0.11764705882352941,0.21052631578947367
CORPORACION FAVORITA C.A.,h20,1,baseline_majority,baseline,,,150,30,1.0,1.0,0.0,0.0,0.0
CORPORACION FAVORITA C.A.,h20,1,baseline_sign_prev,baseline,,,150,30,0.7,0.7,0.0,0.0,0.0
CORPORACION FAVORITA C.A.,h20,1,svc_linear,linear,0.4053682593580725,"{'C': 10, 'class_weight': None, 'kernel': 'linear'}",150,30,0.8666666666666667,0.8666666666666667,0.0,0.0,0.0
CORPORACION FAVORITA C.A.,h20,1,svc_rbf,rbf,0.3107769423558897,"{'C': 1, 'class_weight': 'balanced', 'gamma': 0.01, 'kernel': 'rbf'}",150,30,0.7666666666666667,0.7666666666666667,0.0,0.0,0.0
CORPORACION FAVORITA C.A.,h20,1,svc_poly,poly,0.3711142993782879,"{'C': 1, 'class_weight': 'balanced', 'coef0': 0.0, 'degree': 3, 'gamma': 0.1, 'kernel': 'poly'}",150,30,0.8,0.8,0.0,0.0,0.0
CORPORACION FAVORITA C.A.,h20,2,baseline_majority,baseline,,,180,30,0.16666666666666666,0.16666666666666666,0.0,0.0,0.0
CORPORACION FAVORITA C.A.,h20,2,baseline_sign_prev,baseline,,,180,30,0.43333333333333335,0.43333333333333335,0.8333333333333334,0.4,0.5405405405405406
CORPORACION FAVORITA C.A.,h20,2,svc_linear,linear,0.4053682593580725,"{'C': 10, 'class_weight': None, 'kernel': 'linear'}",180,30,0.6666666666666666,0.6666666666666666,0.9411764705882353,0.64,0.7619047619047619
CORPORACION FAVORITA C.A.,h20,2,svc_rbf,rbf,0.3107769423558897,"{'C': 1, 'class_weight': 'balanced', 'gamma': 0.01, 'kernel': 'rbf'}",180,30,0.43333333333333335,0.43333333333333335,0.9,0.36,0.5142857142857142
CORPORACION FAVORITA C.A.,h20,2,svc_poly,poly,0.3711142993782879,"{'C': 1, 'class_weight': 'balanced', 'coef0': 0.0, 'degree': 3, 'gamma': 0.1, 'kernel': 'poly'}",180,30,0.3,0.3,0.8333333333333334,0.2,0.3225806451612903
CORPORACION FAVORITA C.A.,h20,3,baseline_majority,baseline,,,210,30,0.9,0.9,0.0,0.0,0.0
CORPORACION FAVORITA C.A.,h20,3,baseline_sign_prev,baseline,,,210,30,0.7,0.7,0.0,0.0,0.0
CORPORACION FAVORITA C.A.,h20,3,svc_linear,linear,0.4053682593580725,"{'C': 10, 'class_weight': None, 'kernel': 'linear'}",210,30,0.9,0.9,0.0,0.0,0.0
CORPORACION FAVORITA C.A.,h20,3,svc_rbf,rbf,0.3107769423558897,"{'C': 1, 'class_weight': 'balanced', 'gamma': 0.01, 'kernel': 'rbf'}",210,30,0.9,0.9,0.0,0.0,0.0
CORPORACION FAVORITA C.A.,h20,3,svc_poly,poly,0.3711142993782879,"{'C': 1, 'class_weight': 'balanced', 'coef0': 0.0, 'degree': 3, 'gamma': 0.1, 'kernel': 'poly'}",210,30,0.9,0.9,0.0,0.0,0.0
CORPORACION FAVORITA C.A.,h20,4,baseline_majority,baseline,,,240,30,0.9666666666666667,0.9666666666666667,0.0,0.0,0.0
CORPORACION FAVORITA C.A.,h20,4,baseline_sign_prev,baseline,,,240,30,0.7666666666666667,0.7666666666666667,0.0,0.0,0.0
CORPORACION FAVORITA C.A.,h20,4,svc_linear,linear,0.4053682593580725,"{'C': 10, 'class_weight': None, 'kernel': 'linear'}",240,30,0.9666666666666667,0.9666666666666667,0.0,0.0,0.0
CORPORACION FAVORITA C.A.,h20,4,svc_rbf,rbf,0.3107769423558897,"{'C': 1, 'class_weight': 'balanced', 'gamma': 0.01, 'kernel': 'rbf'}",240,30,0.9666666666666667,0.9666666666666667,0.0,0.0,0.0
CORPORACION FAVORITA C.A.,h20,4,svc_poly,poly,0.3711142993782879,"{'C': 1, 'class_weight': 'balanced', 'coef0': 0.0, 'degree': 3, 'gamma': 0.1, 'kernel': 'poly'}",240,30,0.9666666666666667,0.9666666666666667,0.0,0.0,0.0
CORPORACION FAVORITA C.A.,h20,5,baseline_majority,baseline,,,270,30,0.26666666666666666,0.26666666666666666,0.0,0.0,0.0
CORPORACION FAVORITA C.A.,h20,5,baseline_sign_prev,baseline,,,270,30,0.5333333333333333,0.5333333333333333,0.9,0.4090909090909091,0.5625
CORPORACION FAVORITA C.A.,h20,5,svc_linear,linear,0.4053682593580725,"{'C': 10, 'class_weight': None, 'kernel': 'linear'}",270,30,0.7666666666666667,0.7666666666666667,0.7586206896551724,1.0,0.8627450980392157
CORPORACION FAVORITA C.A.,h20,5,svc_rbf,rbf,0.3107769423558897,"{'C': 1, 'class_weight': 'balanced', 'gamma': 0.01, 'kernel': 'rbf'}",270,30,0.7,0.7,0.7241379310344828,0.9545454545454546,0.8235294117647058
CORPORACION FAVORITA C.A.,h20,5,svc_poly,poly,0.3711142993782879,"{'C': 1, 'class_weight': 'balanced', 'coef0': 0.0, 'degree': 3, 'gamma': 0.1, 'kernel': 'poly'}",270,30,0.7,0.7,0.7241379310344828,0.9545454545454546,0.8235294117647058
CORPORACION FAVORITA C.A.,h20,6,baseline_majority,baseline,,,300,30,0.5,0.5,0.0,0.0,0.0
CORPORACION FAVORITA C.A.,h20,6,baseline_sign_prev,baseline,,,300,30,0.5,0.5,0.5,0.3333333333333333,0.4
CORPORACION FAVORITA C.A.,h20,6,svc_linear,linear,0.4053682593580725,"{'C': 10, 'class_weight': None, 'kernel': 'linear'}",300,30,0.5,0.5,0.5,1.0,0.6666666666666666
CORPORACION FAVORITA C.A.,h20,6,svc_rbf,rbf,0.3107769423558897,"{'C': 1, 'class_weight': 'balanced', 'gamma': 0.01, 'kernel': 'rbf'}",300,30,0.5,0.5,0.5,1.0,0.6666666666666666
CORPORACION FAVORITA C.A.,h20,6,svc_poly,poly,0.3711142993782879,"{'C': 1, 'class_weight': 'balanced', 'coef0': 0.0, 'degree': 3, 'gamma': 0.1, 'kernel': 'poly'}",300,30,0.7333333333333333,0.7333333333333333,0.6521739130434783,1.0,0.7894736842105263
CORPORACION FAVORITA C.A.,h20,7,baseline_majority,baseline,,,330,30,1.0,1.0,0.0,0.0,0.0
CORPORACION FAVORITA C.A.,h20,7,baseline_sign_prev,baseline,,,330,30,0.7,0.7,0.0,0.0,0.0
CORPORACION FAVORITA C.A.,h20,7,svc_linear,linear,0.4053682593580725,"{'C': 10, 'class_weight': None, 'kernel': 'linear'}",330,30,0.13333333333333333,0.13333333333333333,0.0,0.0,0.0
CORPORACION FAVORITA C.A.,h20,7,svc_rbf,rbf,0.3107769423558897,"{'C': 1, 'class_weight': 'balanced', 'gamma': 0.01, 'kernel': 'rbf'}",330,30,0.2,0.2,0.0,0.0,0.0
CORPORACION FAVORITA C.A.,h20,7,svc_poly,poly,0.3711142993782879,"{'C': 1, 'class_weight': 'balanced', 'coef0': 0.0, 'degree': 3, 'gamma': 0.1, 'kernel': 'poly'}",330,30,0.26666666666666666,0.26666666666666666,0.0,0.0,0.0
CORPORACION FAVORITA C.A.,h20,8,baseline_majority,baseline,,,360,30,0.6,0.6,0.0,0.0,0.0
CORPORACION FAVORITA C.A.,h20,8,baseline_sign_prev,baseline,,,360,30,0.5333333333333333,0.5333333333333333,0.3333333333333333,0.16666666666666666,0.2222222222222222
CORPORACION FAVORITA C.A.,h20,8,svc_linear,linear,0.4053682593580725,"{'C': 10, 'class_weight': None, 'kernel': 'linear'}",360,30,0.4,0.4,0.4,1.0,0.5714285714285714
CORPORACION FAVORITA C.A.,h20,8,svc_rbf,rbf,0.3107769423558897,"{'C': 1, 'class_weight': 'balanced', 'gamma': 0.01, 'kernel': 'rbf'}",360,30,0.4,0.4,0.4,1.0,0.5714285714285714
CORPORACION FAVORITA C.A.,h20,8,svc_poly,poly,0.3711142993782879,"{'C': 1, 'class_weight': 'balanced', 'coef0': 0.0, 'degree': 3, 'gamma': 0.1, 'kernel': 'poly'}",360,30,0.43333333333333335,0.43333333333333335,0.38095238095238093,0.6666666666666666,0.48484848484848486
CORPORACION FAVORITA C.A.,h20,9,baseline_majority,baseline,,,390,30,0.0,0.0,0.0,0.0,0.0
CORPORACION FAVORITA C.A.,h20,9,baseline_sign_prev,baseline,,,390,30,0.5333333333333333,0.5333333333333333,1.0,0.5333333333333333,0.6956521739130435
CORPORACION FAVORITA C.A.,h20,9,svc_linear,linear,0.4053682593580725,"{'C': 10, 'class_weight': None, 'kernel': 'linear'}",390,30,1.0,1.0,1.0,1.0,1.0
CORPORACION FAVORITA C.A.,h20,9,svc_rbf,rbf,0.3107769423558897,"{'C': 1, 'class_weight': 'balanced', 'gamma': 0.01, 'kernel': 'rbf'}",390,30,1.0,1.0,1.0,1.0,1.0
CORPORACION FAVORITA C.A.,h20,9,svc_poly,poly,0.3711142993782879,"{'C': 1, 'class_weight': 'balanced', 'coef0': 0.0, 'degree': 3, 'gamma': 0.1, 'kernel': 'poly'}",390,30,1.0,1.0,1.0,1.0,1.0
CORPORACION FAVORITA C.A.,h20,10,baseline_majority,baseline,,,420,30,0.1,0.1,0.0,0.0,0.0
CORPORACION FAVORITA C.A.,h20,10,baseline_sign_prev,baseline,,,420,30,0.43333333333333335,0.43333333333333335,1.0,0.37037037037037035,0.5405405405405406
CORPORACION FAVORITA C.A.,h20,10,svc_linear,linear,0.4053682593580725,"{'C': 10, 'class_weight': None, 'kernel': 'linear'}",420,30,0.6666666666666666,0.6666666666666666,0.8695652173913043,0.7407407407407407,0.8
CORPORACION FAVORITA C.A.,h20,10,svc_rbf,rbf,0.3107769423558897,"{'C': 1, 'class_weight': 'balanced', 'gamma': 0.01, 'kernel': 'rbf'}",420,30,0.7333333333333333,0.7333333333333333,0.88,0.8148148148148148,0.8461538461538461
CORPORACION FAVORITA C.A.,h20,10,svc_poly,poly,0.3711142993782879,"{'C': 1, 'class_weight': 'balanced', 'coef0': 0.0, 'degree': 3, 'gamma': 0.1, 'kernel': 'poly'}",420,30,0.4,0.4,0.8,0.4444444444444444,0.5714285714285714
CORPORACION FAVORITA C.A.,h20,11,baseline_majority,baseline,,,450,30,0.7666666666666667,0.7666666666666667,0.0,0.0,0.0
CORPORACION FAVORITA C.A.,h20,11,baseline_sign_prev,baseline,,,450,30,0.6,0.6,0.2222222222222222,0.2857142857142857,0.25
CORPORACION FAVORITA C.A.,h20,11,svc_linear,linear,0.4053682593580725,"{'C': 10, 'class_weight': None, 'kernel': 'linear'}",450,30,0.8333333333333334,0.8333333333333334,0.75,0.42857142857142855,0.5454545454545454
CORPORACION FAVORITA C.A.,h20,11,svc_rbf,rbf,0.3107769423558897,"{'C': 1, 'class_weight': 'balanced', 'gamma': 0.01, 'kernel': 'rbf'}",450,30,0.8666666666666667,0.8666666666666667,0.6666666666666666,0.8571428571428571,0.75
CORPORACION FAVORITA C.A.,h20,11,svc_poly,poly,0.3711142993782879,"{'C': 1, 'class_weight': 'balanced', 'coef0': 0.0, 'degree': 3, 'gamma': 0.1, 'kernel': 'poly'}",450,30,0.7333333333333333,0.7333333333333333,0.3333333333333333,0.14285714285714285,0.2
CORPORACION FAVORITA C.A.,h20,12,baseline_majority,baseline,,,480,30,0.5,0.5,0.0,0.0,0.0
CORPORACION FAVORITA C.A.,h20,12,baseline_sign_prev,baseline,,,480,30,0.5666666666666667,0.5666666666666667,0.625,0.3333333333333333,0.43478260869565216
CORPORACION FAVORITA C.A.,h20,12,svc_linear,linear,0.4053682593580725,"{'C': 10, 'class_weight': None, 'kernel': 'linear'}",480,30,0.8333333333333334,0.8333333333333334,1.0,0.6666666666666666,0.8
CORPORACION FAVORITA C.A.,h20,12,svc_rbf,rbf,0.3107769423558897,"{'C': 1, 'class_weight': 'balanced', 'gamma': 0.01, 'kernel': 'rbf'}",480,30,0.9,0.9,1.0,0.8,0.8888888888888888
CORPORACION FAVORITA C.A.,h20,12,svc_poly,poly,0.3711142993782879,"{'C': 1, 'class_weight': 'balanced', 'coef0': 0.0, 'degree': 3, 'gamma': 0.1, 'kernel': 'poly'}",480,30,0.6,0.6,0.8,0.26666666666666666,0.4
CORPORACION FAVORITA C.A.,h20,13,baseline_majority,baseline,,,510,30,0.7333333333333333,0.7333333333333333,0.0,0.0,0.0
CORPORACION FAVORITA C.A.,h20,13,baseline_sign_prev,baseline,,,510,30,0.5333333333333333,0.5333333333333333,0.2857142857142857,0.5,0.36363636363636365
CORPORACION FAVORITA C.A.,h20,13,svc_linear,linear,0.4053682593580725,"{'C': 10, 'class_weight': None, 'kernel': 'linear'}",510,30,0.6,0.6,0.4,1.0,0.5714285714285714
CORPORACION FAVORITA C.A.,h20,13,svc_rbf,rbf,0.3107769423558897,"{'C': 1, 'class_weight': 'balanced', 'gamma': 0.01, 'kernel': 'rbf'}",510,30,0.6333333333333333,0.6333333333333333,0.42105263157894735,1.0,0.5925925925925926
CORPORACION FAVORITA C.A.,h20,13,svc_poly,poly,0.3711142993782879,"{'C': 1, 'class_weight': 'balanced', 'coef0': 0.0, 'degree': 3, 'gamma': 0.1, 'kernel': 'poly'}",510,30,0.7,0.7,0.46153846153846156,0.75,0.5714285714285714
CORPORACION FAVORITA C.A.,h20,14,baseline_majority,baseline,,,540,30,0.23333333333333334,0.23333333333333334,0.0,0.0,0.0
CORPORACION FAVORITA C.A.,h20,14,baseline_sign_prev,baseline,,,540,30,0.5,0.5,0.9,0.391304347826087,0.5454545454545454
CORPORACION FAVORITA C.A.,h20,14,svc_linear,linear,0.4053682593580725,"{'C': 10, 'class_weight': None, 'kernel': 'linear'}",540,30,0.9333333333333333,0.9333333333333333,0.92,1.0,0.9583333333333334
CORPORACION FAVORITA C.A.,h20,14,svc_rbf,rbf,0.3107769423558897,"{'C': 1, 'class_weight': 'balanced', 'gamma': 0.01, 'kernel': 'rbf'}",540,30,0.9,0.9,0.9545454545454546,0.9130434782608695,0.9333333333333333
CORPORACION FAVORITA C.A.,h20,14,svc_poly,poly,0.3711142993782879,"{'C': 1, 'class_weight': 'balanced', 'coef0': 0.0, 'degree': 3, 'gamma': 0.1, 'kernel': 'poly'}",540,30,0.5666666666666667,0.5666666666666667,0.7777777777777778,0.6086956521739131,0.6829268292682927
CORPORACION FAVORITA C.A.,h20,15,baseline_majority,baseline,,,570,30,0.8,0.8,0.0,0.0,0.0
CORPORACION FAVORITA C.A.,h20,15,baseline_sign_prev,baseline,,,570,30,0.6,0.6,0.2857142857142857,0.6666666666666666,0.4
CORPORACION FAVORITA C.A.,h20,15,svc_linear,linear,0.4053682593580725,"{'C': 10, 'class_weight': None, 'kernel': 'linear'}",570,30,0.26666666666666666,0.26666666666666666,0.21428571428571427,1.0,0.35294117647058826
CORPORACION FAVORITA C.A.,h20,15,svc_rbf,rbf,0.3107769423558897,"{'C': 1, 'class_weight': 'balanced', 'gamma': 0.01, 'kernel': 'rbf'}",570,30,0.4,0.4,0.25,1.0,0.4
CORPORACION FAVORITA C.A.,h20,15,svc_poly,poly,0.3711142993782879,"{'C': 1, 'class_weight': 'balanced', 'coef0': 0.0, 'degree': 3, 'gamma': 0.1, 'kernel': 'poly'}",570,30,0.5,0.5,0.2857142857142857,1.0,0.4444444444444444
CORPORACION FAVORITA C.A.,h20,16,baseline_majority,baseline,,,600,30,0.5,0.5,0.0,0.0,0.0
CORPORACION FAVORITA C.A.,h20,16,baseline_sign_prev,baseline,,,600,30,0.36666666666666664,0.36666666666666664,0.25,0.13333333333333333,0.17391304347826086
CORPORACION FAVORITA C.A.,h20,16,svc_linear,linear,0.4053682593580725,"{'C': 10, 'class_weight': None, 'kernel': 'linear'}",600,30,0.5,0.5,0.5,1.0,0.6666666666666666
CORPORACION FAVORITA C.A.,h20,16,svc_rbf,rbf,0.3107769423558897,"{'C': 1, 'class_weight': 'balanced', 'gamma': 0.01, 'kernel': 'rbf'}",600,30,0.5,0.5,0.5,1.0,0.6666666666666666
CORPORACION FAVORITA C.A.,h20,16,svc_poly,poly,0.3711142993782879,"{'C': 1, 'class_weight': 'balanced', 'coef0': 0.0, 'degree': 3, 'gamma': 0.1, 'kernel': 'poly'}",600,30,0.43333333333333335,0.43333333333333335,0.4444444444444444,0.5333333333333333,0.48484848484848486
CORPORACION FAVORITA C.A.,h20,17,baseline_majority,baseline,,,630,30,0.6666666666666666,0.6666666666666666,0.0,0.0,0.0
CORPORACION FAVORITA C.A.,h20,17,baseline_sign_prev,baseline,,,630,30,0.6,0.6,0.4166666666666667,0.5,0.45454545454545453
CORPORACION FAVORITA C.A.,h20,17,svc_linear,linear,0.4053682593580725,"{'C': 10, 'class_weight': None, 'kernel': 'linear'}",630,30,0.3333333333333333,0.3333333333333333,0.3333333333333333,1.0,0.5
CORPORACION FAVORITA C.A.,h20,17,svc_rbf,rbf,0.3107769423558897,"{'C': 1, 'class_weight': 'balanced', 'gamma': 0.01, 'kernel': 'rbf'}",630,30,0.3333333333333333,0.3333333333333333,0.32142857142857145,0.9,0.47368421052631576
CORPORACION FAVORITA C.A.,h20,17,svc_poly,poly,0.3711142993782879,"{'C': 1, 'class_weight': 'balanced', 'coef0': 0.0, 'degree': 3, 'gamma': 0.1, 'kernel': 'poly'}",630,30,0.43333333333333335,0.43333333333333335,0.3157894736842105,0.6,0.41379310344827586
CORPORACION FAVORITA C.A.,h20,18,baseline_majority,baseline,,,660,30,0.0,0.0,0.0,0.0,0.0
CORPORACION FAVORITA C.A.,h20,18,baseline_sign_prev,baseline,,,660,30,0.5333333333333333,0.5333333333333333,1.0,0.5333333333333333,0.6956521739130435
CORPORACION FAVORITA C.A.,h20,18,svc_linear,linear,0.4053682593580725,"{'C': 10, 'class_weight': None, 'kernel': 'linear'}",660,30,1.0,1.0,1.0,1.0,1.0
CORPORACION FAVORITA C.A.,h20,18,svc_rbf,rbf,0.3107769423558897,"{'C': 1, 'class_weight': 'balanced', 'gamma': 0.01, 'kernel': 'rbf'}",660,30,1.0,1.0,1.0,1.0,1.0
CORPORACION FAVORITA C.A.,h20,18,svc_poly,poly,0.3711142993782879,"{'C': 1, 'class_weight': 'balanced', 'coef0': 0.0, 'degree': 3, 'gamma': 0.1, 'kernel': 'poly'}",660,30,0.9666666666666667,0.9666666666666667,1.0,0.9666666666666667,0.9830508474576272
CORPORACION FAVORITA C.A.,h20,19,baseline_majority,baseline,,,690,30,0.7,0.7,0.0,0.0,0.0
CORPORACION FAVORITA C.A.,h20,19,baseline_sign_prev,baseline,,,690,30,0.5333333333333333,0.5333333333333333,0.2222222222222222,0.2222222222222222,0.2222222222222222
CORPORACION FAVORITA C.A.,h20,19,svc_linear,linear,0.4053682593580725,"{'C': 10, 'class_weight': None, 'kernel': 'linear'}",690,30,0.7,0.7,0.5,1.0,0.6666666666666666
CORPORACION FAVORITA C.A.,h20,19,svc_rbf,rbf,0.3107769423558897,"{'C': 1, 'class_weight': 'balanced', 'gamma': 0.01, 'kernel': 'rbf'}",690,30,0.7666666666666667,0.7666666666666667,0.5714285714285714,0.8888888888888888,0.6956521739130435
CORPORACION FAVORITA C.A.,h20,19,svc_poly,poly,0.3711142993782879,"{'C': 1, 'class_weight': 'balanced', 'coef0': 0.0, 'degree': 3, 'gamma': 0.1, 'kernel': 'poly'}",690,30,0.6666666666666666,0.6666666666666666,0.47058823529411764,0.8888888888888888,0.6153846153846154
CORPORACION FAVORITA C.A.,h20,20,baseline_majority,baseline,,,720,30,0.23333333333333334,0.23333333333333334,0.0,0.0,0.0
CORPORACION FAVORITA C.A.,h20,20,baseline_sign_prev,baseline,,,720,30,0.4,0.4,0.7777777777777778,0.30434782608695654,0.4375
CORPORACION FAVORITA C.A.,h20,20,svc_linear,linear,0.4053682593580725,"{'C': 10, 'class_weight': None, 'kernel': 'linear'}",720,30,0.4,0.4,0.6666666666666666,0.43478260869565216,0.5263157894736842
CORPORACION FAVORITA C.A.,h20,20,svc_rbf,rbf,0.3107769423558897,"{'C': 1, 'class_weight': 'balanced', 'gamma': 0.01, 'kernel': 'rbf'}",720,30,0.6333333333333333,0.6333333333333333,0.7727272727272727,0.7391304347826086,0.7555555555555555
CORPORACION FAVORITA C.A.,h20,20,svc_poly,poly,0.3711142993782879,"{'C': 1, 'class_weight': 'balanced', 'coef0': 0.0, 'degree': 3, 'gamma': 0.1, 'kernel': 'poly'}",720,30,0.43333333333333335,0.43333333333333335,0.8,0.34782608695652173,0.48484848484848486
CORPORACION FAVORITA C.A.,h20,21,baseline_majority,baseline,,,750,30,0.9666666666666667,0.9666666666666667,0.0,0.0,0.0
CORPORACION FAVORITA C.A.,h20,21,baseline_sign_prev,baseline,,,750,30,0.6333333333333333,0.6333333333333333,0.08333333333333333,1.0,0.15384615384615385
CORPORACION FAVORITA C.A.,h20,21,svc_linear,linear,0.4053682593580725,"{'C': 10, 'class_weight': None, 'kernel': 'linear'}",750,30,0.4666666666666667,0.4666666666666667,0.058823529411764705,1.0,0.1111111111111111
CORPORACION FAVORITA C.A.,h20,21,svc_rbf,rbf,0.3107769423558897,"{'C': 1, 'class_weight': 'balanced', 'gamma': 0.01, 'kernel': 'rbf'}",750,30,0.43333333333333335,0.43333333333333335,0.05555555555555555,1.0,0.10526315789473684
CORPORACION FAVORITA C.A.,h20,21,svc_poly,poly,0.3711142993782879,"{'C': 1, 'class_weight': 'balanced', 'coef0': 0.0, 'degree': 3, 'gamma': 0.1, 'kernel': 'poly'}",750,30,0.4,0.4,0.0,0.0,0.0
CORPORACION FAVORITA C.A.,h20,22,baseline_majority,baseline,,,780,30,0.7333333333333333,0.7333333333333333,0.0,0.0,0.0
CORPORACION FAVORITA C.A.,h20,22,baseline_sign_prev,baseline,,,780,30,0.4666666666666667,0.4666666666666667,0.0,0.0,0.0
CORPORACION FAVORITA C.A.,h20,22,svc_linear,linear,0.4053682593580725,"{'C': 10, 'class_weight': None, 'kernel': 'linear'}",780,30,0.26666666666666666,0.26666666666666666,0.26666666666666666,1.0,0.42105263157894735
CORPORACION FAVORITA C.A.,h20,22,svc_rbf,rbf,0.3107769423558897,"{'C': 1, 'class_weight': 'balanced', 'gamma': 0.01, 'kernel': 'rbf'}",780,30,0.26666666666666666,0.26666666666666666,0.26666666666666666,1.0,0.42105263157894735
CORPORACION FAVORITA C.A.,h20,22,svc_poly,poly,0.3711142993782879,"{'C': 1, 'class_weight': 'balanced', 'coef0': 0.0, 'degree': 3, 'gamma': 0.1, 'kernel': 'poly'}",780,30,0.23333333333333334,0.23333333333333334,0.2413793103448276,0.875,0.3783783783783784
CORPORACION FAVORITA C.A.,h20,23,baseline_majority,baseline,,,810,30,0.9,0.9,0.0,0.0,0.0
CORPORACION FAVORITA C.A.,h20,23,baseline_sign_prev,baseline,,,810,30,0.6666666666666666,0.6666666666666666,0.1111111111111111,0.3333333333333333,0.16666666666666666
CORPORACION FAVORITA C.A.,h20,23,svc_linear,linear,0.4053682593580725,"{'C': 10, 'class_weight': None, 'kernel': 'linear'}",810,30,0.1,0.1,0.1,1.0,0.18181818181818182
CORPORACION FAVORITA C.A.,h20,23,svc_rbf,rbf,0.3107769423558897,"{'C': 1, 'class_weight': 'balanced', 'gamma': 0.01, 'kernel': 'rbf'}",810,30,0.1,0.1,0.1,1.0,0.18181818181818182
CORPORACION FAVORITA C.A.,h20,23,svc_poly,poly,0.3711142993782879,"{'C': 1, 'class_weight': 'balanced', 'coef0': 0.0, 'degree': 3, 'gamma': 0.1, 'kernel': 'poly'}",810,30,0.16666666666666666,0.16666666666666666,0.07692307692307693,0.6666666666666666,0.13793103448275862
CORPORACION FAVORITA C.A.,h20,24,baseline_majority,baseline,,,840,30,0.8666666666666667,0.8666666666666667,0.0,0.0,0.0
CORPORACION FAVORITA C.A.,h20,24,baseline_sign_prev,baseline,,,840,30,0.6333333333333333,0.6333333333333333,0.0,0.0,0.0
CORPORACION FAVORITA C.A.,h20,24,svc_linear,linear,0.4053682593580725,"{'C': 10, 'class_weight': None, 'kernel': 'linear'}",840,30,0.13333333333333333,0.13333333333333333,0.13333333333333333,1.0,0.23529411764705882
CORPORACION FAVORITA C.A.,h20,24,svc_rbf,rbf,0.3107769423558897,"{'C': 1, 'class_weight': 'balanced', 'gamma': 0.01, 'kernel': 'rbf'}",840,30,0.13333333333333333,0.13333333333333333,0.13333333333333333,1.0,0.23529411764705882
CORPORACION FAVORITA C.A.,h20,24,svc_poly,poly,0.3711142993782879,"{'C': 1, 'class_weight': 'balanced', 'coef0': 0.0, 'degree': 3, 'gamma': 0.1, 'kernel': 'poly'}",840,30,0.5,0.5,0.17647058823529413,0.75,0.2857142857142857
CORPORACION FAVORITA C.A.,h20,25,baseline_majority,baseline,,,870,30,0.6333333333333333,0.6333333333333333,0.0,0.0,0.0
CORPORACION FAVORITA C.A.,h20,25,baseline_sign_prev,baseline,,,870,30,0.5333333333333333,0.5333333333333333,0.2,0.09090909090909091,0.125
CORPORACION FAVORITA C.A.,h20,25,svc_linear,linear,0.4053682593580725,"{'C': 10, 'class_weight': None, 'kernel': 'linear'}",870,30,0.36666666666666664,0.36666666666666664,0.34615384615384615,0.8181818181818182,0.4864864864864865
CORPORACION FAVORITA C.A.,h20,25,svc_rbf,rbf,0.3107769423558897,"{'C': 1, 'class_weight': 'balanced', 'gamma': 0.01, 'kernel': 'rbf'}",870,30,0.36666666666666664,0.36666666666666664,0.36666666666666664,1.0,0.5365853658536586
CORPORACION FAVORITA C.A.,h20,25,svc_poly,poly,0.3711142993782879,"{'C': 1, 'class_weight': 'balanced', 'coef0': 0.0, 'degree': 3, 'gamma': 0.1, 'kernel': 'poly'}",870,30,0.5333333333333333,0.5333333333333333,0.36363636363636365,0.36363636363636365,0.36363636363636365
CORPORACION FAVORITA C.A.,h20,26,baseline_majority,baseline,,,900,30,0.6,0.6,0.0,0.0,0.0
CORPORACION FAVORITA C.A.,h20,26,baseline_sign_prev,baseline,,,900,30,0.36666666666666664,0.36666666666666664,0.18181818181818182,0.16666666666666666,0.17391304347826086
CORPORACION FAVORITA C.A.,h20,26,svc_linear,linear,0.4053682593580725,"{'C': 10, 'class_weight': None, 'kernel': 'linear'}",900,30,0.36666666666666664,0.36666666666666664,0.3157894736842105,0.5,0.3870967741935484
CORPORACION FAVORITA C.A.,h20,26,svc_rbf,rbf,0.3107769423558897,"{'C': 1, 'class_weight': 'balanced', 'gamma': 0.01, 'kernel': 'rbf'}",900,30,0.43333333333333335,0.43333333333333335,0.41379310344827586,1.0,0.5853658536585366
CORPORACION FAVORITA C.A.,h20,26,svc_poly,poly,0.3711142993782879,"{'C': 1, 'class_weight': 'balanced', 'coef0': 0.0, 'degree': 3, 'gamma': 0.1, 'kernel': 'poly'}",900,30,0.43333333333333335,0.43333333333333335,0.38095238095238093,0.6666666666666666,0.48484848484848486
CORPORACION FAVORITA C.A.,h20,27,baseline_majority,baseline,,,930,30,0.7333333333333333,0.7333333333333333,0.0,0.0,0.0
CORPORACION FAVORITA C.A.,h20,27,baseline_sign_prev,baseline,,,930,30,0.6333333333333333,0.6333333333333333,0.3333333333333333,0.375,0.35294117647058826
CORPORACION FAVORITA C.A.,h20,27,svc_linear,linear,0.4053682593580725,"{'C': 10, 'class_weight': None, 'kernel': 'linear'}",930,30,0.4666666666666667,0.4666666666666667,0.0,0.0,0.0
CORPORACION FAVORITA C.A.,h20,27,svc_rbf,rbf,0.3107769423558897,"{'C': 1, 'class_weight': 'balanced', 'gamma': 0.01, 'kernel': 'rbf'}",930,30,0.26666666666666666,0.26666666666666666,0.26666666666666666,1.0,0.42105263157894735
CORPORACION FAVORITA C.A.,h20,27,svc_poly,poly,0.3711142993782879,"{'C': 1, 'class_weight': 'balanced', 'coef0': 0.0, 'degree': 3, 'gamma': 0.1, 'kernel': 'poly'}",930,30,0.43333333333333335,0.43333333333333335,0.23529411764705882,0.5,0.32
CORPORACION FAVORITA C.A.,h20,28,baseline_majority,baseline,,,960,30,0.9,0.9,0.0,0.0,0.0
CORPORACION FAVORITA C.A.,h20,28,baseline_sign_prev,baseline,,,960,30,0.6666666666666666,0.6666666666666666,0.1111111111111111,0.3333333333333333,0.16666666666666666
CORPORACION FAVORITA C.A.,h20,28,svc_linear,linear,0.4053682593580725,"{'C': 10, 'class_weight': None, 'kernel': 'linear'}",960,30,0.9,0.9,0.0,0.0,0.0
CORPORACION FAVORITA C.A.,h20,28,svc_rbf,rbf,0.3107769423558897,"{'C': 1, 'class_weight': 'balanced', 'gamma': 0.01, 'kernel': 'rbf'}",960,30,0.1,0.1,0.1,1.0,0.18181818181818182
CORPORACION FAVORITA C.A.,h20,28,svc_poly,poly,0.3711142993782879,"{'C': 1, 'class_weight': 'balanced', 'coef0': 0.0, 'degree': 3, 'gamma': 0.1, 'kernel': 'poly'}",960,30,0.4,0.4,0.10526315789473684,0.6666666666666666,0.18181818181818182
CORPORACION FAVORITA C.A.,h20,29,baseline_majority,baseline,,,990,30,0.8,0.8,0.0,0.0,0.0
CORPORACION FAVORITA C.A.,h20,29,baseline_sign_prev,baseline,,,990,30,0.5333333333333333,0.5333333333333333,0.1,0.16666666666666666,0.125
CORPORACION FAVORITA C.A.,h20,29,svc_linear,linear,0.4053682593580725,"{'C': 10, 'class_weight': None, 'kernel': 'linear'}",990,30,0.8,0.8,0.0,0.0,0.0
CORPORACION FAVORITA C.A.,h20,29,svc_rbf,rbf,0.3107769423558897,"{'C': 1, 'class_weight': 'balanced', 'gamma': 0.01, 'kernel': 'rbf'}",990,30,0.3,0.3,0.2,0.8333333333333334,0.3225806451612903
CORPORACION FAVORITA C.A.,h20,29,svc_poly,poly,0.3711142993782879,"{'C': 1, 'class_weight': 'balanced', 'coef0': 0.0, 'degree': 3, 'gamma': 0.1, 'kernel': 'poly'}",990,30,0.26666666666666666,0.26666666666666666,0.16666666666666666,0.6666666666666666,0.26666666666666666
CORPORACION FAVORITA C.A.,h20,30,baseline_majority,baseline,,,1020,30,0.9,0.9,0.0,0.0,0.0
CORPORACION FAVORITA C.A.,h20,30,baseline_sign_prev,baseline,,,1020,30,0.6,0.6,0.09090909090909091,0.3333333333333333,0.14285714285714285
CORPORACION FAVORITA C.A.,h20,30,svc_linear,linear,0.4053682593580725,"{'C': 10, 'class_weight': None, 'kernel': 'linear'}",1020,30,0.9,0.9,0.0,0.0,0.0
CORPORACION FAVORITA C.A.,h20,30,svc_rbf,rbf,0.3107769423558897,"{'C': 1, 'class_weight': 'balanced', 'gamma': 0.01, 'kernel': 'rbf'}",1020,30,0.23333333333333334,0.23333333333333334,0.08333333333333333,0.6666666666666666,0.14814814814814814
CORPORACION FAVORITA C.A.,h20,30,svc_poly,poly,0.3711142993782879,"{'C': 1, 'class_weight': 'balanced', 'coef0': 0.0, 'degree': 3, 'gamma': 0.1, 'kernel': 'poly'}",1020,30,0.7,0.7,0.125,0.3333333333333333,0.18181818181818182
CORPORACION FAVORITA C.A.,h20,31,baseline_majority,baseline,,,1050,30,1.0,1.0,0.0,0.0,0.0
CORPORACION FAVORITA C.A.,h20,31,baseline_sign_prev,baseline,,,1050,30,0.7,0.7,0.0,0.0,0.0
CORPORACION FAVORITA C.A.,h20,31,svc_linear,linear,0.4053682593580725,"{'C': 10, 'class_weight': None, 'kernel': 'linear'}",1050,30,1.0,1.0,0.0,0.0,0.0
CORPORACION FAVORITA C.A.,h20,31,svc_rbf,rbf,0.3107769423558897,"{'C': 1, 'class_weight': 'balanced', 'gamma': 0.01, 'kernel': 'rbf'}",1050,30,0.26666666666666666,0.26666666666666666,0.0,0.0,0.0
CORPORACION FAVORITA C.A.,h20,31,svc_poly,poly,0.3711142993782879,"{'C': 1, 'class_weight': 'balanced', 'coef0': 0.0, 'degree': 3, 'gamma': 0.1, 'kernel': 'poly'}",1050,30,0.7,0.7,0.0,0.0,0.0
CORPORACION FAVORITA C.A.,h20,32,baseline_majority,baseline,,,1080,30,0.9,0.9,0.0,0.0,0.0
CORPORACION FAVORITA C.A.,h20,32,baseline_sign_prev,baseline,,,1080,30,0.7,0.7,0.125,0.3333333333333333,0.18181818181818182
CORPORACION FAVORITA C.A.,h20,32,svc_linear,linear,0.4053682593580725,"{'C': 10, 'class_weight': None, 'kernel': 'linear'}",1080,30,0.9,0.9,0.0,0.0,0.0
CORPORACION FAVORITA C.A.,h20,32,svc_rbf,rbf,0.3107769423558897,"{'C': 1, 'class_weight': 'balanced', 'gamma': 0.01, 'kernel': 'rbf'}",1080,30,0.4,0.4,0.058823529411764705,0.3333333333333333,0.1
CORPORACION FAVORITA C.A.,h20,32,svc_poly,poly,0.3711142993782879,"{'C': 1, 'class_weight': 'balanced', 'coef0': 0.0, 'degree': 3, 'gamma': 0.1, 'kernel': 'poly'}",1080,30,0.7666666666666667,0.7666666666666667,0.16666666666666666,0.3333333333333333,0.2222222222222222
CORPORACION FAVORITA C.A.,h20,33,baseline_majority,baseline,,,1110,30,0.16666666666666666,0.16666666666666666,0.0,0.0,0.0
CORPORACION FAVORITA C.A.,h20,33,baseline_sign_prev,baseline,,,1110,30,0.43333333333333335,0.43333333333333335,0.8333333333333334,0.4,0.5405405405405406
CORPORACION FAVORITA C.A.,h20,33,svc_linear,linear,0.4053682593580725,"{'C': 10, 'class_weight': None, 'kernel': 'linear'}",1110,30,0.16666666666666666,0.16666666666666666,0.0,0.0,0.0
CORPORACION FAVORITA C.A.,h20,33,svc_rbf,rbf,0.3107769423558897,"{'C': 1, 'class_weight': 'balanced', 'gamma': 0.01, 'kernel': 'rbf'}",1110,30,0.23333333333333334,0.23333333333333334,0.6666666666666666,0.16,0.25806451612903225
CORPORACION FAVORITA C.A.,h20,33,svc_poly,poly,0.3711142993782879,"{'C': 1, 'class_weight': 'balanced', 'coef0': 0.0, 'degree': 3, 'gamma': 0.1, 'kernel': 'poly'}",1110,30,0.23333333333333334,0.23333333333333334,1.0,0.08,0.14814814814814814
CORPORACION FAVORITA C.A.,h20,34,baseline_majority,baseline,,,1140,30,0.8333333333333334,0.8333333333333334,0.0,0.0,0.0
CORPORACION FAVORITA C.A.,h20,34,baseline_sign_prev,baseline,,,1140,30,0.6333333333333333,0.6333333333333333,0.25,0.6,0.35294117647058826
CORPORACION FAVORITA C.A.,h20,34,svc_linear,linear,0.4053682593580725,"{'C': 10, 'class_weight': None, 'kernel': 'linear'}",1140,30,0.8333333333333334,0.8333333333333334,0.0,0.0,0.0
CORPORACION FAVORITA C.A.,h20,34,svc_rbf,rbf,0.3107769423558897,"{'C': 1, 'class_weight': 'balanced', 'gamma': 0.01, 'kernel': 'rbf'}",1140,30,0.23333333333333334,0.23333333333333334,0.09090909090909091,0.4,0.14814814814814814
CORPORACION FAVORITA C.A.,h20,34,svc_poly,poly,0.3711142993782879,"{'C': 1, 'class_weight': 'balanced', 'coef0': 0.0, 'degree': 3, 'gamma': 0.1, 'kernel': 'poly'}",1140,30,0.7,0.7,0.0,0.0,0.0
CORPORACION FAVORITA C.A.,h20,35,baseline_majority,baseline,,,1170,30,0.9,0.9,0.0,0.0,0.0
CORPORACION FAVORITA C.A.,h20,35,baseline_sign_prev,baseline,,,1170,30,0.5666666666666667,0.5666666666666667,0.0,0.0,0.0
CORPORACION FAVORITA C.A.,h20,35,svc_linear,linear,0.4053682593580725,"{'C': 10, 'class_weight': None, 'kernel': 'linear'}",1170,30,0.9,0.9,0.0,0.0,0.0
CORPORACION FAVORITA C.A.,h20,35,svc_rbf,rbf,0.3107769423558897,"{'C': 1, 'class_weight': 'balanced', 'gamma': 0.01, 'kernel': 'rbf'}",1170,30,0.6333333333333333,0.6333333333333333,0.1,0.3333333333333333,0.15384615384615385
CORPORACION FAVORITA C.A.,h20,35,svc_poly,poly,0.3711142993782879,"{'C': 1, 'class_weight': 'balanced', 'coef0': 0.0, 'degree': 3, 'gamma': 0.1, 'kernel': 'poly'}",1170,30,0.8333333333333334,0.8333333333333334,0.0,0.0,0.0
CORPORACION FAVORITA C.A.,h20,36,baseline_majority,baseline,,,1200,30,0.8666666666666667,0.8666666666666667,0.0,0.0,0.0
CORPORACION FAVORITA C.A.,h20,36,baseline_sign_prev,baseline,,,1200,30,0.6666666666666666,0.6666666666666666,0.0,0.0,0.0
CORPORACION FAVORITA C.A.,h20,36,svc_linear,linear,0.4053682593580725,"{'C': 10, 'class_weight': None, 'kernel': 'linear'}",1200,30,0.8666666666666667,0.8666666666666667,0.0,0.0,0.0
CORPORACION FAVORITA C.A.,h20,36,svc_rbf,rbf,0.3107769423558897,"{'C': 1, 'class_weight': 'balanced', 'gamma': 0.01, 'kernel': 'rbf'}",1200,30,0.6666666666666666,0.6666666666666666,0.0,0.0,0.0
CORPORACION FAVORITA C.A.,h20,36,svc_poly,poly,0.3711142993782879,"{'C': 1, 'class_weight': 'balanced', 'coef0': 0.0, 'degree': 3, 'gamma': 0.1, 'kernel': 'poly'}",1200,30,0.6,0.6,0.1,0.25,0.14285714285714285
CORPORACION FAVORITA C.A.,h20,37,baseline_majority,baseline,,,1230,30,0.0,0.0,0.0,0.0,0.0
CORPORACION FAVORITA C.A.,h20,37,baseline_sign_prev,baseline,,,1230,30,0.4666666666666667,0.4666666666666667,1.0,0.4666666666666667,0.6363636363636364
CORPORACION FAVORITA C.A.,h20,37,svc_linear,linear,0.4053682593580725,"{'C': 10, 'class_weight': None, 'kernel': 'linear'}",1230,30,0.0,0.0,0.0,0.0,0.0
CORPORACION FAVORITA C.A.,h20,37,svc_rbf,rbf,0.3107769423558897,"{'C': 1, 'class_weight': 'balanced', 'gamma': 0.01, 'kernel': 'rbf'}",1230,30,0.3333333333333333,0.3333333333333333,1.0,0.3333333333333333,0.5
CORPORACION FAVORITA C.A.,h20,37,svc_poly,poly,0.3711142993782879,"{'C': 1, 'class_weight': 'balanced', 'coef0': 0.0, 'degree': 3, 'gamma': 0.1, 'kernel': 'poly'}",1230,30,0.4,0.4,1.0,0.4,0.5714285714285714
CORPORACION FAVORITA C.A.,h20,38,baseline_majority,baseline,,,1260,30,0.6333333333333333,0.6333333333333333,0.0,0.0,0.0
CORPORACION FAVORITA C.A.,h20,38,baseline_sign_prev,baseline,,,1260,30,0.4,0.4,0.18181818181818182,0.18181818181818182,0.18181818181818182
CORPORACION FAVORITA C.A.,h20,38,svc_linear,linear,0.4053682593580725,"{'C': 10, 'class_weight': None, 'kernel': 'linear'}",1260,30,0.6333333333333333,0.6333333333333333,0.0,0.0,0.0
CORPORACION FAVORITA C.A.,h20,38,svc_rbf,rbf,0.3107769423558897,"{'C': 1, 'class_weight': 'balanced', 'gamma': 0.01, 'kernel': 'rbf'}",1260,30,0.5,0.5,0.375,0.5454545454545454,0.4444444444444444
CORPORACION FAVORITA C.A.,h20,38,svc_poly,poly,0.3711142993782879,"{'C': 1, 'class_weight': 'balanced', 'coef0': 0.0, 'degree': 3, 'gamma': 0.1, 'kernel': 'poly'}",1260,30,0.5666666666666667,0.5666666666666667,0.42857142857142855,0.5454545454545454,0.48
CORPORACION FAVORITA C.A.,h20,39,baseline_majority,baseline,,,1290,30,0.9,0.9,0.0,0.0,0.0
CORPORACION FAVORITA C.A.,h20,39,baseline_sign_prev,baseline,,,1290,30,0.5666666666666667,0.5666666666666667,0.14285714285714285,0.6666666666666666,0.23529411764705882
CORPORACION FAVORITA C.A.,h20,39,svc_linear,linear,0.4053682593580725,"{'C': 10, 'class_weight': None, 'kernel': 'linear'}",1290,30,0.9,0.9,0.0,0.0,0.0
CORPORACION FAVORITA C.A.,h20,39,svc_rbf,rbf,0.3107769423558897,"{'C': 1, 'class_weight': 'balanced', 'gamma': 0.01, 'kernel': 'rbf'}",1290,30,0.3333333333333333,0.3333333333333333,0.0,0.0,0.0
CORPORACION FAVORITA C.A.,h20,39,svc_poly,poly,0.3711142993782879,"{'C': 1, 'class_weight': 'balanced', 'coef0': 0.0, 'degree': 3, 'gamma': 0.1, 'kernel': 'poly'}",1290,30,0.5,0.5,0.16666666666666666,1.0,0.2857142857142857
CORPORACION FAVORITA C.A.,h20,40,baseline_majority,baseline,,,1320,30,0.3333333333333333,0.3333333333333333,0.0,0.0,0.0
CORPORACION FAVORITA C.A.,h20,40,baseline_sign_prev,baseline,,,1320,30,0.23333333333333334,0.23333333333333334,0.2857142857142857,0.1,0.14814814814814814
CORPORACION FAVORITA C.A.,h20,40,svc_linear,linear,0.4053682593580725,"{'C': 10, 'class_weight': None, 'kernel': 'linear'}",1320,30,0.3333333333333333,0.3333333333333333,0.0,0.0,0.0
CORPORACION FAVORITA C.A.,h20,40,svc_rbf,rbf,0.3107769423558897,"{'C': 1, 'class_weight': 'balanced', 'gamma': 0.01, 'kernel': 'rbf'}",1320,30,0.23333333333333334,0.23333333333333334,0.2857142857142857,0.1,0.14814814814814814
CORPORACION FAVORITA C.A.,h20,40,svc_poly,poly,0.3711142993782879,"{'C': 1, 'class_weight': 'balanced', 'coef0': 0.0, 'degree': 3, 'gamma': 0.1, 'kernel': 'poly'}",1320,30,0.5666666666666667,0.5666666666666667,0.8888888888888888,0.4,0.5517241379310345
CORPORACION FAVORITA C.A.,h20,41,baseline_majority,baseline,,,1350,30,0.8333333333333334,0.8333333333333334,0.0,0.0,0.0
CORPORACION FAVORITA C.A.,h20,41,baseline_sign_prev,baseline,,,1350,30,0.6666666666666666,0.6666666666666666,0.0,0.0,0.0
CORPORACION FAVORITA C.A.,h20,41,svc_linear,linear,0.4053682593580725,"{'C': 10, 'class_weight': None, 'kernel': 'linear'}",1350,30,0.8333333333333334,0.8333333333333334,0.0,0.0,0.0
CORPORACION FAVORITA C.A.,h20,41,svc_rbf,rbf,0.3107769423558897,"{'C': 1, 'class_weight': 'balanced', 'gamma': 0.01, 'kernel': 'rbf'}",1350,30,0.3333333333333333,0.3333333333333333,0.058823529411764705,0.2,0.09090909090909091
CORPORACION FAVORITA C.A.,h20,41,svc_poly,poly,0.3711142993782879,"{'C': 1, 'class_weight': 'balanced', 'coef0': 0.0, 'degree': 3, 'gamma': 0.1, 'kernel': 'poly'}",1350,30,0.6,0.6,0.29411764705882354,1.0,0.45454545454545453
CORPORACION FAVORITA C.A.,h20,42,baseline_majority,baseline,,,1380,30,0.4666666666666667,0.4666666666666667,0.0,0.0,0.0
CORPORACION FAVORITA C.A.,h20,42,baseline_sign_prev,baseline,,,1380,30,0.5333333333333333,0.5333333333333333,0.5833333333333334,0.4375,0.5
CORPORACION FAVORITA C.A.,h20,42,svc_linear,linear,0.4053682593580725,"{'C': 10, 'class_weight': None, 'kernel': 'linear'}",1380,30,0.4666666666666667,0.4666666666666667,0.0,0.0,0.0
CORPORACION FAVORITA C.A.,h20,42,svc_rbf,rbf,0.3107769423558897,"{'C': 1, 'class_weight': 'balanced', 'gamma': 0.01, 'kernel': 'rbf'}",1380,30,0.6,0.6,0.625,0.625,0.625
CORPORACION FAVORITA C.A.,h20,42,svc_poly,poly,0.3711142993782879,"{'C': 1, 'class_weight': 'balanced', 'coef0': 0.0, 'degree': 3, 'gamma': 0.1, 'kernel': 'poly'}",1380,30,0.7,0.7,0.8888888888888888,0.5,0.64
CORPORACION FAVORITA C.A.,h20,43,baseline_majority,baseline,,,1410,30,1.0,1.0,0.0,0.0,0.0
CORPORACION FAVORITA C.A.,h20,43,baseline_sign_prev,baseline,,,1410,30,0.6666666666666666,0.6666666666666666,0.0,0.0,0.0
CORPORACION FAVORITA C.A.,h20,43,svc_linear,linear,0.4053682593580725,"{'C': 10, 'class_weight': None, 'kernel': 'linear'}",1410,30,1.0,1.0,0.0,0.0,0.0
CORPORACION FAVORITA C.A.,h20,43,svc_rbf,rbf,0.3107769423558897,"{'C': 1, 'class_weight': 'balanced', 'gamma': 0.01, 'kernel': 'rbf'}",1410,30,0.5666666666666667,0.5666666666666667,0.0,0.0,0.0
CORPORACION FAVORITA C.A.,h20,43,svc_poly,poly,0.3711142993782879,"{'C': 1, 'class_weight': 'balanced', 'coef0': 0.0, 'degree': 3, 'gamma': 0.1, 'kernel': 'poly'}",1410,30,0.7,0.7,0.0,0.0,0.0
CORPORACION FAVORITA C.A.,h20,44,baseline_majority,baseline,,,1440,30,0.36666666666666664,0.36666666666666664,0.0,0.0,0.0
CORPORACION FAVORITA C.A.,h20,44,baseline_sign_prev,baseline,,,1440,30,0.4666666666666667,0.4666666666666667,0.6666666666666666,0.3157894736842105,0.42857142857142855
CORPORACION FAVORITA C.A.,h20,44,svc_linear,linear,0.4053682593580725,"{'C': 10, 'class_weight': None, 'kernel': 'linear'}",1440,30,0.36666666666666664,0.36666666666666664,0.0,0.0,0.0
CORPORACION FAVORITA C.A.,h20,44,svc_rbf,rbf,0.3107769423558897,"{'C': 1, 'class_weight': 'balanced', 'gamma': 0.01, 'kernel': 'rbf'}",1440,30,0.5,0.5,0.7,0.3684210526315789,0.4827586206896552
CORPORACION FAVORITA C.A.,h20,44,svc_poly,poly,0.3711142993782879,"{'C': 1, 'class_weight': 'balanced', 'coef0': 0.0, 'degree': 3, 'gamma': 0.1, 'kernel': 'poly'}",1440,30,0.23333333333333334,0.23333333333333334,0.25,0.10526315789473684,0.14814814814814814
CORPORACION FAVORITA C.A.,h20,45,baseline_majority,baseline,,,1470,30,0.7333333333333333,0.7333333333333333,0.0,0.0,0.0
CORPORACION FAVORITA C.A.,h20,45,baseline_sign_prev,baseline,,,1470,30,0.43333333333333335,0.43333333333333335,0.09090909090909091,0.125,0.10526315789473684
CORPORACION FAVORITA C.A.,h20,45,svc_linear,linear,0.4053682593580725,"{'C': 10, 'class_weight': None, 'kernel': 'linear'}",1470,30,0.7333333333333333,0.7333333333333333,0.0,0.0,0.0
CORPORACION FAVORITA C.A.,h20,45,svc_rbf,rbf,0.3107769423558897,"{'C': 1, 'class_weight': 'balanced', 'gamma': 0.01, 'kernel': 'rbf'}",1470,30,0.3333333333333333,0.3333333333333333,0.125,0.25,0.16666666666666666
CORPORACION FAVORITA C.A.,h20,45,svc_poly,poly,0.3711142993782879,"{'C': 1, 'class_weight': 'balanced', 'coef0': 0.0, 'degree': 3, 'gamma': 0.1, 'kernel': 'poly'}",1470,30,0.7,0.7,0.3333333333333333,0.125,0.18181818181818182
CORPORACION FAVORITA C.A.,h20,46,baseline_majority,baseline,,,1500,30,0.43333333333333335,0.43333333333333335,0.0,0.0,0.0
CORPORACION FAVORITA C.A.,h20,46,baseline_sign_prev,baseline,,,1500,30,0.36666666666666664,0.36666666666666664,0.0,0.0,0.0
CORPORACION FAVORITA C.A.,h20,46,svc_linear,linear,0.4053682593580725,"{'C': 10, 'class_weight': None, 'kernel': 'linear'}",1500,30,0.43333333333333335,0.43333333333333335,0.0,0.0,0.0
CORPORACION FAVORITA C.A.,h20,46,svc_rbf,rbf,0.3107769423558897,"{'C': 1, 'class_weight': 'balanced', 'gamma': 0.01, 'kernel': 'rbf'}",1500,30,0.6,0.6,0.5862068965517241,1.0,0.7391304347826086
CORPORACION FAVORITA C.A.,h20,46,svc_poly,poly,0.3711142993782879,"{'C': 1, 'class_weight': 'balanced', 'coef0': 0.0, 'degree': 3, 'gamma': 0.1, 'kernel': 'poly'}",1500,30,0.4666666666666667,0.4666666666666667,0.6,0.17647058823529413,0.2727272727272727
CORPORACION FAVORITA C.A.,h20,47,baseline_majority,baseline,,,1530,30,0.13333333333333333,0.13333333333333333,0.0,0.0,0.0
CORPORACION FAVORITA C.A.,h20,47,baseline_sign_prev,baseline,,,1530,30,0.36666666666666664,0.36666666666666664,0.8888888888888888,0.3076923076923077,0.45714285714285713
CORPORACION FAVORITA C.A.,h20,47,svc_linear,linear,0.4053682593580725,"{'C': 10, 'class_weight': None, 'kernel': 'linear'}",1530,30,0.13333333333333333,0.13333333333333333,0.0,0.0,0.0
CORPORACION FAVORITA C.A.,h20,47,svc_rbf,rbf,0.3107769423558897,"{'C': 1, 'class_weight': 'balanced', 'gamma': 0.01, 'kernel': 'rbf'}",1530,30,0.7,0.7,0.8695652173913043,0.7692307692307693,0.8163265306122449
CORPORACION FAVORITA C.A.,h20,47,svc_poly,poly,0.3711142993782879,"{'C': 1, 'class_weight': 'balanced', 'coef0': 0.0, 'degree': 3, 'gamma': 0.1, 'kernel': 'poly'}",1530,30,0.13333333333333333,0.13333333333333333,0.0,0.0,0.0
CORPORACION FAVORITA C.A.,h20,48,baseline_majority,baseline,,,1560,30,0.0,0.0,0.0,0.0,0.0
CORPORACION FAVORITA C.A.,h20,48,baseline_sign_prev,baseline,,,1560,30,0.1,0.1,1.0,0.1,0.18181818181818182
CORPORACION FAVORITA C.A.,h20,48,svc_linear,linear,0.4053682593580725,"{'C': 10, 'class_weight': None, 'kernel': 'linear'}",1560,30,0.0,0.0,0.0,0.0,0.0
CORPORACION FAVORITA C.A.,h20,48,svc_rbf,rbf,0.3107769423558897,"{'C': 1, 'class_weight': 'balanced', 'gamma': 0.01, 'kernel': 'rbf'}",1560,30,1.0,1.0,1.0,1.0,1.0
CORPORACION FAVORITA C.A.,h20,48,svc_poly,poly,0.3711142993782879,"{'C': 1, 'class_weight': 'balanced', 'coef0': 0.0, 'degree': 3, 'gamma': 0.1, 'kernel': 'poly'}",1560,30,0.7333333333333333,0.7333333333333333,1.0,0.7333333333333333,0.8461538461538461
CORPORACION FAVORITA C.A.,h20,49,baseline_majority,baseline,,,1590,30,0.06666666666666667,0.06666666666666667,0.0,0.0,0.0
CORPORACION FAVORITA C.A.,h20,49,baseline_sign_prev,baseline,,,1590,30,0.3333333333333333,0.3333333333333333,1.0,0.2857142857142857,0.4444444444444444
CORPORACION FAVORITA C.A.,h20,49,svc_linear,linear,0.4053682593580725,"{'C': 10, 'class_weight': None, 'kernel': 'linear'}",1590,30,0.06666666666666667,0.06666666666666667,0.0,0.0,0.0
CORPORACION FAVORITA C.A.,h20,49,svc_rbf,rbf,0.3107769423558897,"{'C': 1, 'class_weight': 'balanced', 'gamma': 0.01, 'kernel': 'rbf'}",1590,30,0.9,0.9,0.9629629629629629,0.9285714285714286,0.9454545454545454
CORPORACION FAVORITA C.A.,h20,49,svc_poly,poly,0.3711142993782879,"{'C': 1, 'class_weight': 'balanced', 'coef0': 0.0, 'degree': 3, 'gamma': 0.1, 'kernel': 'poly'}",1590,30,0.8333333333333334,0.8333333333333334,1.0,0.8214285714285714,0.9019607843137255
CORPORACION FAVORITA C.A.,h20,50,baseline_majority,baseline,,,1620,30,0.0,0.0,0.0,0.0,0.0
CORPORACION FAVORITA C.A.,h20,50,baseline_sign_prev,baseline,,,1620,30,0.2,0.2,1.0,0.2,0.3333333333333333
CORPORACION FAVORITA C.A.,h20,50,svc_linear,linear,0.4053682593580725,"{'C': 10, 'class_weight': None, 'kernel': 'linear'}",1620,30,0.0,0.0,0.0,0.0,0.0
CORPORACION FAVORITA C.A.,h20,50,svc_rbf,rbf,0.3107769423558897,"{'C': 1, 'class_weight': 'balanced', 'gamma': 0.01, 'kernel': 'rbf'}",1620,30,1.0,1.0,1.0,1.0,1.0
CORPORACION FAVORITA C.A.,h20,50,svc_poly,poly,0.3711142993782879,"{'C': 1, 'class_weight': 'balanced', 'coef0': 0.0, 'degree': 3, 'gamma': 0.1, 'kernel': 'poly'}",1620,30,0.7333333333333333,0.7333333333333333,1.0,0.7333333333333333,0.8461538461538461
